pack_id,chemistry,series_cells,parallel_cells,nominal_voltage_v,capacity_kwh,module_count,cell_capacity_ah,peak_discharge_kw,continuous_charge_kw,coolant_flow_l_min,mass_kg,estimated_range_km,bms_firmware_version
BAT-00001,LFP,108,6,347.8,151.96,10,72.83,1004.0,200.4,18.7,903.6,1051,BMS-11.4.7
BAT-00002,NMC622,144,2,524.2,63.58,12,60.65,279.3,67.4,13.7,391.3,360,BMS-6.7.4
BAT-00003,LMFP,120,4,397.2,151.17,12,95.15,945.0,286.2,13.1,981.6,928,BMS-10.1.11
BAT-00004,LMFP,108,8,357.5,189.12,18,66.13,1171.3,322.4,17.9,1039.1,1133,BMS-6.3.12
BAT-00005,NMC811,144,6,528.5,284.95,16,89.86,1931.8,582.7,16.0,2086.6,1701,BMS-6.2.1
BAT-00006,NMC811,180,8,660.6,390.83,10,73.95,2110.7,688.5,17.8,2927.4,2380,BMS-8.1.0
BAT-00007,LMFP,192,4,635.5,225.11,18,88.56,1016.5,447.3,16.8,1677.2,1640,BMS-11.0.3
BAT-00008,NMC622,144,5,524.2,198.46,14,75.73,1478.2,298.6,21.8,1084.2,1113,BMS-8.6.6
BAT-00009,NMC811,120,3,440.4,109.80,18,83.11,652.7,175.4,22.7,623.7,809,BMS-10.4.10
BAT-00010,NMC622,144,8,524.2,444.17,14,105.92,2731.1,741.7,21.4,2908.0,2316,BMS-8.4.8
BAT-00011,LFP,112,2,360.6,55.27,16,76.63,303.8,58.8,15.6,373.7,316,BMS-7.5.10
BAT-00012,NMC811,180,8,660.6,421.14,10,79.69,2803.4,694.4,14.8,2856.4,2468,BMS-11.7.10
BAT-00013,NMC811,120,8,440.4,204.40,10,58.02,1164.1,381.1,15.5,1159.9,1334,BMS-8.2.19
BAT-00014,NMC811,120,3,440.4,70.83,18,53.61,492.2,84.0,22.4,409.3,368,BMS-7.2.16
BAT-00015,LFP,112,2,360.6,82.92,10,114.96,456.0,116.0,22.9,526.9,567,BMS-10.4.19
BAT-00016,LMFP,120,4,397.2,162.76,12,102.45,692.0,248.9,13.9,1032.6,1085,BMS-6.4.4
BAT-00017,LMFP,180,8,595.8,301.17,14,63.19,1515.7,515.0,13.0,1930.9,2173,BMS-7.1.9
BAT-00018,LMFP,108,3,357.5,63.43,12,59.15,382.0,121.9,21.6,432.6,363,BMS-10.4.10
BAT-00019,LMFP,112,3,370.7,118.70,10,106.73,854.0,133.1,20.0,664.0,681,BMS-6.6.1
BAT-00020,LFP,112,3,360.6,112.53,12,104.01,637.2,214.3,14.8,652.1,680,BMS-6.2.6
BAT-00021,LFP,180,2,579.6,98.98,10,85.39,554.8,100.4,15.6,549.7,519,BMS-7.3.12
BAT-00022,LFP,192,4,618.2,164.80,10,66.64,936.5,210.9,17.0,1125.5,1195,BMS-11.0.13
BAT-00023,NMC811,180,3,660.6,135.33,16,68.29,730.7,183.3,17.6,939.4,852,BMS-11.2.14
BAT-00024,LFP,108,6,347.8,163.37,10,78.30,865.0,167.5,16.2,1219.1,900,BMS-11.0.10
BAT-00025,LMFP,108,6,357.5,243.55,16,113.55,1770.7,372.1,20.5,1408.7,1348,BMS-7.3.1
BAT-00026,NMC811,192,6,704.6,279.69,18,66.15,2061.4,345.7,24.0,2050.8,1752,BMS-8.3.7
BAT-00027,NMC811,144,4,528.5,127.36,12,60.25,665.0,204.9,19.4,907.0,792,BMS-10.7.14
BAT-00028,LMFP,120,6,397.2,187.96,12,78.87,1032.5,226.6,13.9,1297.2,1000,BMS-8.8.18
BAT-00029,LFP,108,2,347.8,39.15,14,56.29,203.4,55.3,17.2,259.3,257,BMS-7.2.4
BAT-00030,LFP,120,4,386.4,87.87,18,56.85,528.5,112.9,11.7,479.0,521,BMS-11.1.9
BAT-00031,LFP,108,8,347.8,284.54,16,102.28,1487.4,375.4,14.4,1986.1,1739,BMS-8.7.13
BAT-00032,NMC811,112,2,411.0,86.69,16,105.45,654.8,138.4,16.5,580.9,534,BMS-9.5.6
BAT-00033,LMFP,120,8,397.2,199.92,10,62.92,1165.4,359.3,10.3,1172.3,1447,BMS-8.3.12
BAT-00034,LMFP,192,5,635.5,187.64,18,59.05,1013.1,304.6,18.2,1416.3,1043,BMS-9.1.18
BAT-00035,NMC811,96,4,352.3,118.82,8,84.31,898.5,169.5,19.5,753.7,840,BMS-10.5.6
BAT-00036,LFP,180,4,579.6,238.97,12,103.07,1481.0,491.9,19.9,1447.3,1277,BMS-9.1.8
BAT-00037,NMC811,180,3,660.6,216.75,8,109.37,1587.0,301.5,20.0,1259.9,1270,BMS-8.3.16
BAT-00038,LFP,108,3,347.8,70.81,18,67.87,353.1,116.5,11.7,383.8,403,BMS-6.0.7
BAT-00039,LFP,112,4,360.6,109.90,16,76.19,594.3,228.0,20.5,714.4,716,BMS-8.3.3
BAT-00040,LFP,144,4,463.7,99.05,18,53.40,543.9,101.9,10.9,591.7,586,BMS-10.1.0
BAT-00041,LFP,120,4,386.4,119.46,18,77.29,669.2,155.6,13.9,669.2,758,BMS-7.4.19
BAT-00042,NMC622,144,6,524.2,195.96,14,62.31,1055.1,333.1,15.8,1299.3,1164,BMS-10.7.15
BAT-00043,LFP,96,6,309.1,191.81,16,103.42,945.1,194.7,18.6,1058.5,1317,BMS-8.7.15
BAT-00044,LFP,144,8,463.7,433.19,12,116.78,1907.7,476.4,9.9,2468.2,2994,BMS-6.4.13
BAT-00045,LFP,144,2,463.7,93.39,18,100.71,580.6,121.9,9.6,703.9,600,BMS-10.8.18
BAT-00046,LMFP,96,4,317.8,73.27,10,57.64,530.1,122.4,10.3,431.8,487,BMS-9.4.13
BAT-00047,LMFP,192,6,635.5,329.73,8,86.47,1431.7,487.4,11.6,2479.6,2143,BMS-10.6.18
BAT-00048,LMFP,144,8,476.6,302.37,8,79.30,1777.1,442.3,22.7,1999.1,1687,BMS-10.5.0
BAT-00049,LFP,192,8,618.2,420.27,16,84.97,2257.8,704.1,17.4,2545.6,2969,BMS-9.4.0
BAT-00050,LMFP,120,5,397.2,151.14,14,76.10,856.8,230.2,9.8,1028.0,1092,BMS-11.6.17
BAT-00051,LFP,112,4,360.6,128.75,14,89.25,846.3,152.0,16.9,701.8,703,BMS-7.2.19
BAT-00052,LMFP,120,4,397.2,181.74,12,114.39,836.7,251.2,22.1,1310.2,1062,BMS-10.0.0
BAT-00053,LMFP,144,2,476.6,68.95,18,72.33,511.7,137.1,9.7,438.4,447,BMS-6.6.1
BAT-00054,LMFP,96,8,317.8,264.84,10,104.18,1742.2,285.6,15.3,1933.5,1867,BMS-10.5.19
BAT-00055,LFP,108,3,347.8,72.38,8,69.37,440.6,145.4,20.4,476.3,506,BMS-6.2.2
BAT-00056,LMFP,144,6,476.6,309.39,8,108.18,1416.4,516.1,13.2,2065.4,1859,BMS-9.7.5
BAT-00057,NMC811,192,3,704.6,171.78,18,81.26,1044.7,310.5,10.7,959.5,1011,BMS-10.1.3
BAT-00058,LFP,112,3,360.6,75.20,18,69.50,435.4,124.0,12.9,567.0,542,BMS-8.0.14
BAT-00059,NMC622,144,5,524.2,200.31,12,76.43,1143.5,266.7,17.3,1217.2,1257,BMS-8.8.11
BAT-00060,LMFP,180,5,595.8,278.99,8,93.65,2045.3,579.1,10.9,1916.3,1967,BMS-9.1.5
BAT-00061,NMC811,180,2,660.6,116.97,8,88.54,525.6,179.2,10.3,852.2,710,BMS-10.2.12
BAT-00062,LMFP,112,8,370.7,198.37,14,66.89,1002.2,416.4,20.4,1392.1,1341,BMS-11.8.14
BAT-00063,NMC811,180,4,660.6,285.27,12,107.96,2118.2,337.9,22.5,1909.6,1760,BMS-10.6.16
BAT-00064,NMC811,120,3,440.4,78.79,10,59.63,398.4,128.2,21.7,446.5,568,BMS-8.3.8
BAT-00065,NMC622,120,2,436.8,100.16,18,114.65,498.1,157.4,16.4,711.3,643,BMS-6.7.12
BAT-00066,NMC622,144,6,524.2,301.29,10,95.80,1908.6,512.8,20.8,1669.9,2058,BMS-10.2.11
BAT-00067,NMC622,144,2,524.2,65.35,12,62.34,436.1,81.7,18.5,487.0,466,BMS-7.8.14
BAT-00068,NMC811,192,4,704.6,289.32,14,102.65,1858.0,506.7,20.6,1723.2,1933,BMS-10.1.12
BAT-00069,NMC622,108,2,393.1,69.31,12,88.15,297.3,140.7,13.8,493.5,400,BMS-6.7.7
BAT-00070,LMFP,96,3,317.8,64.41,14,67.57,276.5,82.1,19.5,416.7,360,BMS-11.2.16
BAT-00071,LMFP,144,5,476.6,189.47,10,79.50,850.3,196.4,12.1,1127.2,1371,BMS-6.8.15
BAT-00072,LFP,180,6,579.6,355.89,18,102.34,2184.9,502.2,9.7,2326.1,2453,BMS-11.4.6
BAT-00073,NMC622,96,6,349.4,131.83,16,62.88,572.3,211.7,10.2,997.8,844,BMS-10.3.5
BAT-00074,LMFP,144,3,476.6,120.11,18,84.00,625.0,134.2,21.7,841.2,664,BMS-9.6.17
BAT-00075,LMFP,120,3,397.2,81.29,12,68.22,413.3,158.4,13.3,536.9,456,BMS-8.0.16
BAT-00076,LMFP,192,5,635.5,315.91,8,99.42,2287.2,659.5,21.6,2064.6,1787,BMS-7.6.13
BAT-00077,NMC811,112,2,411.0,85.08,16,103.49,528.4,166.6,19.5,624.8,474,BMS-11.8.15
BAT-00078,NMC811,120,6,440.4,171.98,12,65.08,815.0,250.8,12.4,1060.7,1177,BMS-9.6.4
BAT-00079,NMC622,108,2,393.1,83.12,14,105.72,600.6,173.7,17.6,460.1,555,BMS-6.4.14
BAT-00080,LFP,96,8,309.1,234.37,16,94.77,1646.6,275.0,20.5,1267.5,1372,BMS-7.6.17
BAT-00081,LMFP,96,8,317.8,147.37,14,57.97,767.8,174.2,17.0,819.1,1001,BMS-7.6.4
BAT-00082,NMC622,180,8,655.2,397.49,8,75.83,2072.7,805.8,18.9,2378.9,2810,BMS-9.1.1
BAT-00083,LMFP,144,8,476.6,342.56,18,89.84,2260.5,662.6,11.8,2557.8,2267,BMS-7.3.10
BAT-00084,LMFP,120,5,397.2,228.75,18,115.18,1274.3,446.9,17.4,1335.2,1476,BMS-6.7.8
BAT-00085,LMFP,192,8,635.5,357.30,14,70.28,2563.5,378.5,11.7,2630.6,2091,BMS-6.8.19
BAT-00086,LMFP,144,2,476.6,50.85,16,53.34,360.6,98.8,16.7,323.8,353,BMS-6.7.11
BAT-00087,NMC811,96,4,352.3,112.67,10,79.95,582.5,235.8,13.5,719.7,764,BMS-9.1.12
BAT-00088,NMC811,96,8,352.3,259.99,14,92.24,1911.1,480.1,23.5,1555.8,1751,BMS-10.2.10
BAT-00089,LFP,144,4,463.7,103.29,10,55.69,606.4,168.3,23.2,616.9,637,BMS-8.4.10
BAT-00090,LFP,112,5,360.6,128.74,16,71.39,727.5,191.6,18.8,952.5,903,BMS-9.4.4
BAT-00091,LFP,96,5,309.1,125.43,10,81.16,923.9,191.3,13.3,740.7,900,BMS-9.6.12
BAT-00092,NMC622,180,5,655.2,209.08,16,63.82,1502.9,211.9,18.9,1586.3,1283,BMS-7.4.6
BAT-00093,LFP,144,8,463.7,202.04,10,54.47,1284.2,345.7,13.5,1343.8,1108,BMS-6.4.15
BAT-00094,NMC811,192,5,704.6,364.13,8,103.35,1612.6,433.3,22.5,2253.8,2354,BMS-10.6.18
BAT-00095,NMC622,180,6,655.2,282.95,16,71.98,1440.1,317.8,17.3,1873.3,2063,BMS-11.2.8
BAT-00096,LFP,120,2,386.4,65.78,8,85.12,494.3,107.1,16.3,478.1,484,BMS-9.0.2
BAT-00097,NMC811,96,3,352.3,95.43,14,90.29,429.0,140.5,19.9,584.5,678,BMS-9.4.7
BAT-00098,LMFP,96,4,317.8,98.54,10,77.53,462.1,204.5,11.5,580.9,515,BMS-8.6.19
BAT-00099,LMFP,112,6,370.7,260.54,16,117.13,1287.9,520.3,16.3,1624.6,1894,BMS-6.3.17
BAT-00100,LFP,112,8,360.6,335.96,12,116.45,2537.7,541.2,10.6,2156.9,2041,BMS-9.8.10
BAT-00101,LFP,144,3,463.7,153.83,14,110.59,774.3,165.2,14.3,1054.7,970,BMS-6.8.10
BAT-00102,NMC622,108,5,393.1,164.70,12,83.79,1032.3,221.3,20.9,993.7,1194,BMS-7.0.17
BAT-00103,LFP,96,5,309.1,142.63,16,92.28,608.8,144.4,20.0,912.2,911,BMS-6.3.10
BAT-00104,LMFP,144,8,476.6,336.17,12,88.16,2405.2,396.5,15.6,2281.3,2070,BMS-9.4.13
BAT-00105,LMFP,192,8,635.5,554.40,12,109.04,3816.6,1150.2,16.7,3580.2,3071,BMS-9.4.13
BAT-00106,LMFP,180,3,595.8,121.53,16,67.99,630.2,200.1,10.3,794.4,735,BMS-10.3.15
BAT-00107,LMFP,108,3,357.5,65.73,10,61.29,495.9,119.5,19.9,389.2,375,BMS-8.3.3
BAT-00108,LMFP,112,8,370.7,237.65,14,80.13,1589.2,395.6,17.6,1286.4,1747,BMS-9.3.6
BAT-00109,NMC811,112,4,411.0,113.17,14,68.83,851.9,126.5,22.1,758.4,603,BMS-8.2.7
BAT-00110,NMC811,120,3,440.4,74.19,12,56.15,552.6,155.7,11.4,440.6,537,BMS-6.0.17
BAT-00111,LMFP,120,6,397.2,234.93,14,98.58,1727.3,260.7,18.8,1294.4,1336,BMS-10.2.16
BAT-00112,LMFP,96,8,317.8,208.27,12,81.93,890.6,271.7,14.2,1366.9,1332,BMS-10.2.11
BAT-00113,NMC811,192,3,704.6,199.81,10,94.52,1345.7,236.0,17.4,1414.5,1379,BMS-8.5.5
BAT-00114,LFP,120,5,386.4,120.28,8,62.26,856.6,121.7,21.1,769.2,837,BMS-9.2.0
BAT-00115,NMC811,180,5,660.6,286.76,16,86.82,1277.6,365.6,11.4,1634.4,1834,BMS-11.1.18
BAT-00116,NMC622,144,5,524.2,194.78,14,74.32,1148.3,261.2,21.7,1285.7,1156,BMS-11.5.15
BAT-00117,NMC811,96,2,352.3,48.73,18,69.16,307.1,90.3,13.5,345.2,320,BMS-8.2.5
BAT-00118,NMC811,112,2,411.0,96.09,16,116.89,565.8,170.1,14.9,656.4,598,BMS-7.8.17
BAT-00119,LMFP,192,8,635.5,402.37,14,79.14,1918.8,783.5,19.4,2900.0,2158,BMS-10.8.7
BAT-00120,NMC811,96,8,352.3,241.94,16,85.84,1395.2,370.7,9.9,1418.8,1728,BMS-8.8.6
BAT-00121,NMC811,192,5,704.6,301.24,16,85.50,1659.4,386.6,15.1,2061.6,1976,BMS-8.5.16
BAT-00122,NMC811,108,6,396.4,207.59,12,87.29,1090.7,290.6,13.6,1567.4,1089,BMS-8.8.9
BAT-00123,LFP,180,8,579.6,474.04,10,102.24,3418.6,518.0,16.3,3340.2,3322,BMS-9.2.17
BAT-00124,NMC811,120,5,440.4,225.35,8,102.34,1400.3,442.9,23.4,1421.5,1474,BMS-8.7.4
BAT-00125,NMC811,180,4,660.6,167.73,16,63.48,872.1,226.8,11.8,908.7,941,BMS-7.3.19
BAT-00126,LMFP,112,5,370.7,177.12,16,95.55,984.1,325.9,10.2,1073.4,1233,BMS-6.1.5
BAT-00127,NMC622,96,6,349.4,129.15,18,61.60,893.8,237.0,21.4,920.7,827,BMS-7.3.4
BAT-00128,NMC811,180,3,660.6,181.33,12,91.50,984.7,255.3,22.9,1349.7,1204,BMS-9.1.9
BAT-00129,NMC811,120,5,440.4,161.11,16,73.17,796.1,204.4,12.0,876.9,1069,BMS-10.1.7
BAT-00130,NMC811,144,4,528.5,239.10,8,113.11,1338.1,397.6,20.8,1375.4,1724,BMS-6.6.0
BAT-00131,NMC811,108,2,396.4,51.00,12,64.34,265.4,89.2,12.9,278.1,265,BMS-7.2.0
BAT-00132,LMFP,192,5,635.5,242.75,10,76.39,1140.6,336.8,13.1,1446.7,1574,BMS-7.4.4
BAT-00133,NMC811,120,8,440.4,249.58,12,70.84,1732.2,465.7,21.6,1840.9,1482,BMS-9.4.14
BAT-00134,NMC622,180,6,655.2,296.31,18,75.37,2222.8,577.1,20.2,1901.0,1839,BMS-9.8.19
BAT-00135,LMFP,144,5,476.6,256.46,10,107.61,1882.5,389.6,13.1,1571.9,1823,BMS-10.3.12
BAT-00136,NMC622,144,6,524.2,300.05,10,95.41,1295.6,420.0,14.4,1630.2,1878,BMS-6.2.12
BAT-00137,NMC622,96,3,349.4,56.63,8,54.02,365.6,63.4,10.0,399.3,357,BMS-6.7.7
BAT-00138,LFP,120,2,386.4,63.55,8,82.23,329.5,65.2,23.5,398.1,465,BMS-7.4.17
BAT-00139,NMC811,180,3,660.6,162.39,18,81.94,880.9,171.4,21.6,1187.7,1060,BMS-10.1.13
BAT-00140,LFP,96,8,309.1,265.76,16,107.46,1862.8,312.6,10.9,1866.4,1847,BMS-9.2.12
BAT-00141,NMC622,96,3,349.4,96.09,14,91.66,686.1,189.7,10.8,649.2,675,BMS-10.7.10
BAT-00142,LMFP,192,4,635.5,274.77,12,108.09,1694.8,494.3,23.1,1983.4,1484,BMS-8.8.4
BAT-00143,NMC811,108,2,396.4,53.48,10,67.47,319.3,59.1,9.8,306.2,370,BMS-10.5.4
BAT-00144,NMC811,96,5,352.3,139.08,8,78.95,648.1,188.3,20.4,937.2,935,BMS-8.7.10
BAT-00145,NMC622,192,6,698.9,333.14,18,79.45,2500.7,359.6,10.4,2102.4,2395,BMS-9.5.4
BAT-00146,LFP,120,8,386.4,255.74,10,82.73,1493.1,505.1,19.4,1923.8,1821,BMS-9.0.13
BAT-00147,LFP,96,5,309.1,157.98,10,102.21,962.0,223.8,16.8,926.2,1124,BMS-8.2.11
BAT-00148,LMFP,96,3,317.8,76.10,18,79.83,513.9,92.7,13.0,511.3,409,BMS-8.4.4
BAT-00149,LMFP,108,8,357.5,286.97,16,100.35,2012.7,602.6,12.5,2166.7,2109,BMS-7.3.3
BAT-00150,NMC811,96,6,352.3,117.46,14,55.56,656.8,227.4,23.1,636.6,763,BMS-6.4.6
BAT-00151,LMFP,180,3,595.8,206.15,14,115.34,1032.0,417.3,13.9,1357.5,1206,BMS-7.7.13
BAT-00152,NMC811,120,3,440.4,153.39,12,116.10,1115.5,168.6,22.5,1053.2,995,BMS-8.0.5
BAT-00153,LMFP,120,8,397.2,180.97,12,56.95,1026.7,313.4,18.6,1244.8,956,BMS-8.8.2
BAT-00154,LFP,144,8,463.7,369.60,14,99.64,2488.7,482.5,19.8,2056.0,2556,BMS-6.8.4
BAT-00155,NMC811,120,6,440.4,276.56,10,104.66,1165.4,499.7,13.6,1858.6,1469,BMS-10.7.3
BAT-00156,NMC622,112,4,407.7,175.82,8,107.81,845.8,361.3,15.8,1102.9,1136,BMS-7.8.3
BAT-00157,NMC811,108,8,396.4,200.45,18,63.22,1363.3,386.1,13.5,1227.4,1305,BMS-9.8.7
BAT-00158,LFP,120,2,386.4,65.22,14,84.39,306.9,66.5,13.4,441.1,380,BMS-7.6.0
BAT-00159,LFP,96,6,309.1,149.57,14,80.64,1049.5,296.0,22.5,1041.4,1028,BMS-11.1.4
BAT-00160,NMC622,112,2,407.7,94.23,18,115.57,457.9,169.7,10.7,550.1,644,BMS-6.6.5
BAT-00161,LMFP,120,4,397.2,184.43,14,116.08,1359.5,385.4,19.6,1293.2,1139,BMS-6.7.16
BAT-00162,NMC622,108,8,393.1,357.03,18,113.53,2104.3,418.1,19.6,2606.2,2198,BMS-11.6.2
BAT-00163,LMFP,192,6,635.5,325.98,18,85.49,2164.1,675.9,15.4,1951.0,2227,BMS-9.5.0
BAT-00164,LFP,108,2,347.8,37.31,16,53.64,212.3,44.2,15.1,264.4,242,BMS-11.4.8
BAT-00165,NMC811,180,3,660.6,208.67,14,105.29,1266.4,317.9,14.0,1492.0,1094,BMS-8.7.9
BAT-00166,NMC811,112,5,411.0,241.11,14,117.32,1671.1,300.4,20.2,1778.3,1669,BMS-11.4.9
BAT-00167,LMFP,180,6,595.8,392.51,12,109.80,2399.5,821.2,10.5,2641.1,2051,BMS-6.5.14
BAT-00168,NMC622,112,4,407.7,106.19,12,65.12,667.4,215.7,14.7,788.7,753,BMS-7.8.2
BAT-00169,LMFP,120,5,397.2,145.24,12,73.13,713.5,213.3,18.5,983.5,813,BMS-8.0.16
BAT-00170,NMC622,192,8,698.9,317.07,18,56.71,2289.7,556.7,15.0,1920.5,1890,BMS-7.3.17
BAT-00171,NMC811,96,5,352.3,137.48,14,78.04,792.3,228.6,18.7,934.4,772,BMS-6.3.1
BAT-00172,NMC622,96,4,349.4,96.83,10,69.27,543.6,106.7,11.3,719.2,653,BMS-10.0.8
BAT-00173,NMC622,192,2,698.9,156.42,18,111.91,717.8,204.0,22.8,1008.5,1145,BMS-7.3.16
BAT-00174,LMFP,180,2,595.8,102.73,10,86.21,523.8,124.1,9.8,707.6,537,BMS-9.7.2
BAT-00175,NMC622,144,5,524.2,232.37,16,88.66,1385.3,434.6,22.7,1394.0,1216,BMS-6.3.5
BAT-00176,LMFP,120,8,397.2,338.47,8,106.52,2515.4,709.3,13.0,2443.3,1967,BMS-9.0.10
BAT-00177,LFP,180,8,579.6,340.52,8,73.44,2016.4,637.5,21.6,2196.0,2415,BMS-6.1.0
BAT-00178,NMC622,108,5,393.1,210.31,8,106.99,1436.7,278.5,21.3,1289.2,1263,BMS-9.7.10
BAT-00179,LFP,108,2,347.8,56.33,10,81.00,371.4,114.7,12.6,397.7,315,BMS-10.0.15
BAT-00180,NMC622,112,6,407.7,272.50,10,111.40,1963.0,358.0,17.8,1497.8,1933,BMS-9.5.19
BAT-00181,NMC622,180,3,655.2,223.51,14,113.71,983.5,466.2,10.0,1631.3,1608,BMS-9.6.15
BAT-00182,LMFP,120,8,397.2,169.74,8,53.42,877.3,180.7,21.5,966.8,971,BMS-10.8.1
BAT-00183,LFP,96,2,309.1,58.60,12,94.78,424.8,110.1,13.4,380.1,420,BMS-10.2.12
BAT-00184,LMFP,192,6,635.5,256.37,14,67.23,1462.0,378.3,23.4,1588.8,1721,BMS-7.4.2
BAT-00185,NMC811,192,4,704.6,255.74,10,90.73,1640.0,405.5,12.0,1602.9,1518,BMS-9.5.13
BAT-00186,NMC811,112,4,411.0,129.28,18,78.63,577.4,202.6,18.4,930.6,782,BMS-7.0.12
BAT-00187,LFP,192,8,618.2,500.11,8,101.12,2234.2,784.4,14.1,3002.8,3630,BMS-8.2.8
BAT-00188,NMC622,112,4,407.7,118.52,8,72.68,788.4,166.5,12.8,874.1,869,BMS-7.6.9
BAT-00189,NMC622,112,2,407.7,71.68,18,87.91,354.9,143.2,15.8,412.6,431,BMS-8.6.6
BAT-00190,NMC811,144,2,528.5,75.99,12,71.89,401.2,148.1,9.8,481.0,551,BMS-6.0.1
BAT-00191,NMC811,180,4,660.6,186.58,8,70.61,1009.3,337.4,19.0,1242.1,1178,BMS-10.2.18
BAT-00192,NMC811,144,8,528.5,302.79,18,71.62,1989.0,509.5,23.8,1880.6,2231,BMS-8.2.15
BAT-00193,NMC811,108,8,396.4,358.65,8,113.11,1955.7,623.1,11.5,2004.7,2218,BMS-11.6.5
BAT-00194,NMC811,120,4,440.4,132.04,16,74.96,778.7,230.0,21.0,754.4,707,BMS-10.7.7
BAT-00195,NMC811,180,6,660.6,351.24,14,88.62,1489.4,449.1,15.4,2262.2,1844,BMS-10.2.14
BAT-00196,NMC622,120,3,436.8,127.35,12,97.18,779.3,203.3,19.7,917.7,880,BMS-7.5.4
BAT-00197,LFP,180,8,579.6,538.43,12,116.12,3815.6,923.2,14.5,3464.4,3129,BMS-8.6.0
BAT-00198,LMFP,108,6,357.5,164.83,18,76.85,738.0,314.7,17.3,1011.4,1188,BMS-7.6.4
BAT-00199,LFP,180,2,579.6,114.40,18,98.69,572.3,227.6,17.0,725.0,718,BMS-7.7.12
BAT-00200,LMFP,144,3,476.6,142.14,12,99.41,757.0,217.9,16.1,929.9,835,BMS-8.8.3
BAT-00201,LFP,108,3,347.8,86.59,10,83.00,437.1,110.7,23.7,547.9,607,BMS-9.1.3
BAT-00202,LMFP,120,2,397.2,92.87,16,116.90,685.0,104.5,19.4,539.0,644,BMS-9.8.16
BAT-00203,NMC622,180,6,655.2,296.98,18,75.54,1453.8,412.9,22.4,2064.6,1892,BMS-7.7.10
BAT-00204,NMC622,180,2,655.2,74.28,16,56.69,426.0,110.4,13.0,461.4,488,BMS-8.2.19
BAT-00205,NMC622,108,2,393.1,71.08,8,90.41,373.0,76.6,18.1,424.4,511,BMS-11.3.13
BAT-00206,LMFP,120,4,397.2,163.28,10,102.77,908.1,324.4,15.6,1097.3,927,BMS-9.4.9
BAT-00207,NMC811,112,4,411.0,120.28,14,73.16,528.7,143.2,9.8,787.7,674,BMS-9.5.12
BAT-00208,LFP,96,3,309.1,50.73,14,54.70,383.5,98.7,21.2,377.6,291,BMS-7.2.17
BAT-00209,NMC811,112,4,411.0,163.75,16,99.60,891.5,269.0,14.4,996.7,894,BMS-11.5.6
BAT-00210,NMC811,180,4,660.6,238.68,14,90.33,1651.0,453.4,19.9,1297.9,1527,BMS-10.7.6
BAT-00211,LMFP,192,6,635.5,236.15,18,61.93,1162.0,347.8,18.1,1774.9,1621,BMS-9.5.4
BAT-00212,NMC811,180,2,660.6,78.90,14,59.72,590.3,110.0,13.0,499.1,552,BMS-6.3.3
BAT-00213,NMC622,112,2,407.7,81.04,8,99.39,462.3,98.4,12.0,444.8,490,BMS-8.0.10
BAT-00214,LMFP,112,6,370.7,157.27,14,70.70,982.1,326.8,20.3,1160.9,1082,BMS-8.0.14
BAT-00215,LFP,120,5,386.4,187.69,8,97.15,1014.9,349.8,18.2,1404.4,1175,BMS-11.7.4
BAT-00216,LMFP,96,5,317.8,176.52,8,111.10,917.1,192.2,23.2,1161.8,1124,BMS-6.3.10
BAT-00217,NMC811,108,3,396.4,67.35,14,56.64,316.9,83.5,22.0,471.9,429,BMS-10.2.3
BAT-00218,LMFP,108,3,357.5,124.49,10,116.08,738.6,250.5,19.1,686.3,899,BMS-6.1.9
BAT-00219,NMC622,108,6,393.1,186.02,10,78.86,1164.7,335.3,17.7,1386.2,1040,BMS-8.6.1
BAT-00220,NMC622,112,4,407.7,113.42,10,69.55,675.9,124.5,23.0,740.9,776,BMS-10.4.16
BAT-00221,LFP,144,2,463.7,100.86,18,108.76,729.0,107.2,14.0,587.8,724,BMS-8.3.4
BAT-00222,NMC811,180,5,660.6,297.42,18,90.04,1318.0,394.1,12.6,2040.9,1653,BMS-7.5.0
BAT-00223,LFP,192,6,618.2,269.19,8,72.57,2030.4,292.9,12.0,1557.6,1800,BMS-10.1.3
BAT-00224,NMC622,180,8,655.2,440.53,8,84.05,2811.2,894.2,23.5,2435.4,2589,BMS-8.0.1
BAT-00225,NMC622,144,6,524.2,188.17,14,59.83,999.0,242.1,17.2,1134.1,1298,BMS-10.1.3
BAT-00226,LMFP,112,3,370.7,89.43,16,80.41,562.7,104.8,16.4,547.6,588,BMS-10.6.3
BAT-00227,LMFP,192,3,635.5,101.90,14,53.45,726.4,150.1,19.0,732.5,709,BMS-7.0.3
BAT-00228,LMFP,120,5,397.2,219.92,18,110.74,1460.0,460.1,22.4,1527.1,1587,BMS-10.6.17
BAT-00229,LMFP,144,5,476.6,208.51,18,87.49,1107.5,400.0,18.0,1186.6,1368,BMS-8.8.10
BAT-00230,LFP,192,8,618.2,420.46,18,85.01,2622.0,780.2,22.3,2319.6,2577,BMS-8.0.8
BAT-00231,LMFP,144,5,476.6,214.72,10,90.10,1474.2,283.8,14.2,1274.2,1245,BMS-8.0.18
BAT-00232,LMFP,144,2,476.6,96.34,8,101.06,653.4,114.6,15.3,619.8,585,BMS-8.3.15
BAT-00233,NMC622,112,6,407.7,155.61,14,63.62,936.9,202.2,14.6,915.1,930,BMS-6.3.14
BAT-00234,NMC622,192,6,698.9,401.45,8,95.74,2055.2,797.9,9.9,2534.7,2894,BMS-10.6.13
BAT-00235,LMFP,144,3,476.6,87.66,12,61.31,590.2,131.5,20.3,604.1,539,BMS-7.2.9
BAT-00236,NMC622,96,2,349.4,53.54,16,76.61,378.0,90.2,20.7,323.8,346,BMS-7.0.9
BAT-00237,NMC622,96,2,349.4,76.23,10,109.07,437.2,113.5,21.2,475.1,427,BMS-10.1.7
BAT-00238,NMC811,120,3,440.4,71.75,12,54.30,446.5,138.2,20.2,453.1,437,BMS-10.1.7
BAT-00239,LFP,192,8,618.2,465.96,16,94.21,2681.9,486.0,16.8,2612.8,2457,BMS-7.7.17
BAT-00240,NMC811,120,6,440.4,177.15,10,67.04,805.6,201.0,9.9,1145.5,1297,BMS-11.0.9
BAT-00241,LFP,144,5,463.7,253.81,10,109.48,1420.1,450.7,17.8,1507.3,1455,BMS-10.2.15
BAT-00242,NMC811,108,5,396.4,144.57,10,72.95,906.7,253.6,23.3,844.4,773,BMS-9.1.14
BAT-00243,LFP,96,3,309.1,66.68,14,71.90,338.1,85.2,14.9,369.6,481,BMS-10.3.8
BAT-00244,LFP,108,3,347.8,79.58,12,76.28,600.1,161.8,10.5,515.2,430,BMS-10.5.0
BAT-00245,NMC811,96,8,352.3,310.18,14,110.05,1914.9,582.3,21.8,1782.3,1879,BMS-8.2.4
BAT-00246,NMC622,112,6,407.7,190.33,12,77.81,1047.5,228.1,20.3,1400.6,1362,BMS-8.8.8
BAT-00247,LMFP,112,4,370.7,155.93,14,105.15,681.2,249.9,10.9,1032.7,820,BMS-8.1.11
BAT-00248,NMC811,112,5,411.0,212.95,8,103.61,1381.8,255.1,20.1,1566.3,1423,BMS-11.8.13
BAT-00249,NMC622,180,6,655.2,251.88,10,64.07,1486.1,276.5,23.2,1656.5,1367,BMS-10.3.14
BAT-00250,NMC622,192,2,698.9,87.50,16,62.60,638.8,140.1,21.7,585.4,481,BMS-8.2.14
BAT-00251,NMC811,108,4,396.4,90.84,8,57.30,405.6,176.0,18.9,600.4,529,BMS-6.7.8
BAT-00252,NMC622,144,6,524.2,344.81,12,109.64,2044.8,558.9,14.5,2533.9,2203,BMS-8.2.17
BAT-00253,LMFP,108,4,357.5,103.15,18,72.13,525.5,202.2,23.5,557.5,611,BMS-6.7.8
BAT-00254,LFP,120,8,386.4,171.55,8,55.50,1010.2,245.4,11.9,1293.0,1266,BMS-11.5.5
BAT-00255,NMC622,120,8,436.8,213.17,14,61.00,1563.1,438.1,12.4,1447.7,1313,BMS-6.3.13
BAT-00256,LMFP,180,6,595.8,289.27,12,80.92,1507.3,321.0,10.2,1737.8,2053,BMS-9.2.4
BAT-00257,NMC811,120,4,440.4,171.42,14,97.31,807.5,277.8,10.6,966.8,1143,BMS-11.6.19
BAT-00258,NMC811,112,4,411.0,152.36,12,92.67,980.9,156.1,23.7,1100.5,1048,BMS-11.5.17
BAT-00259,LMFP,120,8,397.2,285.45,14,89.83,1393.9,303.8,23.3,2110.6,1710,BMS-7.5.11
BAT-00260,NMC622,120,6,436.8,308.32,8,117.64,1541.2,590.4,14.9,1791.7,1871,BMS-9.0.11
BAT-00261,NMC622,96,5,349.4,205.65,16,117.70,1528.3,365.9,19.2,1310.6,1424,BMS-10.8.15
BAT-00262,NMC622,108,8,393.1,336.74,16,107.07,2513.0,674.3,10.1,1978.4,1946,BMS-9.0.19
BAT-00263,NMC622,96,8,349.4,324.77,14,116.18,2048.8,335.7,21.6,1976.8,2354,BMS-11.1.7
BAT-00264,NMC622,96,2,349.4,47.48,14,67.93,280.1,83.1,17.5,298.7,299,BMS-8.1.16
BAT-00265,LMFP,108,8,357.5,181.50,10,63.47,973.1,304.8,14.1,1328.7,1156,BMS-9.7.18
BAT-00266,NMC811,144,4,528.5,191.46,18,90.57,1328.5,354.1,11.3,1191.6,1387,BMS-6.0.16
BAT-00267,LMFP,192,2,635.5,108.27,18,85.19,767.6,143.8,20.8,627.7,601,BMS-9.6.2
BAT-00268,NMC811,108,6,396.4,157.54,14,66.24,818.8,291.0,16.9,1127.4,1030,BMS-11.7.1
BAT-00269,LFP,112,4,360.6,108.95,12,75.52,731.0,211.3,22.8,723.0,605,BMS-9.4.15
BAT-00270,NMC811,112,8,411.0,256.23,10,77.92,1400.9,318.6,22.8,1874.6,1834,BMS-6.4.7
BAT-00271,NMC622,192,5,698.9,404.08,14,115.64,2838.3,809.5,11.9,2946.7,2177,BMS-9.8.15
BAT-00272,NMC622,96,5,349.4,133.64,14,76.49,928.3,142.1,15.9,888.0,763,BMS-7.2.1
BAT-00273,LMFP,112,2,370.7,78.81,10,106.29,585.1,146.2,14.5,439.3,439,BMS-11.5.9
BAT-00274,LMFP,120,8,397.2,314.45,18,98.96,1866.0,520.0,18.1,2351.1,2231,BMS-11.2.5
BAT-00275,NMC811,120,8,440.4,202.27,12,57.41,1190.6,343.5,14.2,1147.9,1186,BMS-10.1.11
BAT-00276,LFP,180,5,579.6,282.85,8,97.60,1629.5,500.6,22.8,1724.4,1865,BMS-8.1.9
BAT-00277,NMC622,108,3,393.1,138.34,14,117.31,598.8,288.3,16.6,984.5,912,BMS-8.7.19
BAT-00278,NMC811,192,6,704.6,319.18,10,75.49,1887.5,617.1,17.3,2006.9,1849,BMS-7.7.9
BAT-00279,NMC622,112,3,407.7,111.27,10,90.97,735.0,133.0,12.3,667.4,806,BMS-9.7.2
BAT-00280,NMC622,108,4,393.1,171.54,8,109.09,1028.9,260.1,20.1,999.8,1039,BMS-11.2.1
BAT-00281,LMFP,112,3,370.7,83.19,12,74.80,454.3,127.5,10.0,482.1,525,BMS-7.0.4
BAT-00282,LMFP,112,2,370.7,45.21,14,60.97,322.5,94.5,22.5,302.9,243,BMS-6.2.8
BAT-00283,NMC622,192,4,698.9,172.51,16,61.71,1086.6,308.8,12.1,1209.0,1037,BMS-8.5.9
BAT-00284,NMC622,180,2,655.2,87.95,18,67.11,658.7,144.3,18.3,560.3,511,BMS-11.5.2
BAT-00285,NMC811,192,2,704.6,108.66,18,77.11,717.3,209.6,12.1,729.5,606,BMS-10.2.5
BAT-00286,LFP,96,2,309.1,35.87,16,58.02,185.3,69.1,12.7,254.7,243,BMS-6.0.4
BAT-00287,NMC811,112,8,411.0,297.31,14,90.41,1398.8,548.5,16.5,1636.5,1729,BMS-10.8.2
BAT-00288,NMC811,180,3,660.6,178.09,18,89.86,952.7,192.8,20.6,1270.6,1218,BMS-9.4.7
BAT-00289,LFP,180,4,579.6,241.96,8,104.37,1112.1,364.4,14.2,1335.0,1419,BMS-6.8.18
BAT-00290,LFP,120,2,386.4,54.90,16,71.03,415.3,72.4,22.2,381.3,388,BMS-11.8.5
BAT-00291,NMC622,120,3,436.8,72.52,16,55.34,431.9,100.9,10.5,505.9,377,BMS-9.5.6
BAT-00292,NMC622,120,2,436.8,83.90,8,96.04,491.7,162.0,15.7,544.1,597,BMS-9.5.1
BAT-00293,NMC811,180,8,660.6,609.17,12,115.27,4298.4,1204.1,22.5,3492.0,4147,BMS-9.5.0
BAT-00294,LMFP,120,8,397.2,369.67,10,116.34,1872.5,432.8,20.7,2060.1,2657,BMS-8.3.19
BAT-00295,LMFP,120,8,397.2,167.54,10,52.72,863.3,185.2,11.8,930.9,901,BMS-6.7.16
BAT-00296,NMC811,192,4,704.6,298.57,10,105.93,2140.8,426.9,20.3,2229.1,1606,BMS-9.3.14
BAT-00297,LFP,120,3,386.4,91.85,8,79.24,539.4,154.0,18.9,669.8,611,BMS-11.3.8
BAT-00298,NMC622,192,6,698.9,478.86,12,114.20,3305.3,992.5,23.3,2846.1,2621,BMS-6.8.10
BAT-00299,NMC622,108,4,393.1,92.08,14,58.56,526.4,171.7,12.5,644.9,586,BMS-8.7.9
BAT-00300,NMC811,180,2,660.6,88.15,16,66.72,410.8,89.2,13.8,553.8,501,BMS-6.7.4
BAT-00301,NMC811,192,8,704.6,387.75,14,68.79,1926.9,786.0,18.9,2887.3,2836,BMS-7.5.10
BAT-00302,LMFP,144,6,476.6,278.39,12,97.34,1879.2,565.6,9.7,1516.1,1791,BMS-10.7.19
BAT-00303,NMC622,120,4,436.8,196.38,16,112.40,1386.4,310.9,22.9,1155.1,1351,BMS-8.0.15
BAT-00304,LMFP,96,6,317.8,219.66,14,115.21,1420.3,256.3,23.9,1473.1,1310,BMS-11.1.3
BAT-00305,NMC811,120,2,440.4,98.29,14,111.59,673.6,120.0,17.4,593.5,581,BMS-11.0.9
BAT-00306,NMC622,108,8,393.1,304.30,16,96.76,1599.3,540.1,19.7,1902.0,2014,BMS-11.7.1
BAT-00307,LMFP,180,5,595.8,240.82,10,80.84,1601.3,383.1,20.3,1482.0,1559,BMS-10.8.9
BAT-00308,NMC622,108,2,393.1,75.50,16,96.02,408.3,122.6,15.6,563.7,500,BMS-9.5.15
BAT-00309,NMC811,112,3,411.0,116.47,12,94.45,515.0,204.4,20.7,705.0,772,BMS-9.1.17
BAT-00310,LMFP,192,2,635.5,90.24,16,71.00,618.6,116.8,17.2,609.8,496,BMS-8.7.18
BAT-00311,NMC622,120,4,436.8,113.35,16,64.87,728.0,149.6,16.3,778.5,816,BMS-6.2.3
BAT-00312,LFP,120,4,386.4,181.95,8,117.72,963.3,215.6,11.9,1236.2,1021,BMS-10.1.9
BAT-00313,LMFP,192,2,635.5,100.39,14,78.98,460.8,173.9,24.0,725.8,636,BMS-7.8.12
BAT-00314,NMC811,180,3,660.6,154.37,10,77.89,1047.0,202.5,10.7,1007.6,1030,BMS-8.4.9
BAT-00315,LMFP,112,3,370.7,102.79,14,92.42,668.9,207.0,15.0,680.3,587,BMS-7.5.3
BAT-00316,NMC622,112,4,407.7,93.92,14,57.60,548.9,133.8,21.0,549.4,574,BMS-9.6.17
BAT-00317,LFP,108,4,347.8,107.29,10,77.13,468.8,146.5,22.0,751.8,615,BMS-7.3.9
BAT-00318,NMC811,96,8,352.3,301.58,18,107.00,2112.7,330.9,10.1,2272.7,1841,BMS-11.8.18
BAT-00319,NMC811,180,6,660.6,410.84,8,103.65,3065.2,846.4,13.5,2590.8,2769,BMS-8.2.17
BAT-00320,LMFP,120,8,397.2,319.06,18,100.41,1914.4,563.6,17.0,2112.2,1770,BMS-10.2.1
BAT-00321,LFP,192,8,618.2,437.45,18,88.45,2473.6,734.8,20.5,3250.9,2476,BMS-11.8.2
BAT-00322,LMFP,120,2,397.2,87.18,8,109.74,616.0,144.5,14.7,639.6,548,BMS-7.6.5
BAT-00323,LMFP,120,6,397.2,242.72,18,101.85,1605.9,272.9,18.9,1544.9,1741,BMS-7.0.18
BAT-00324,NMC622,112,3,407.7,66.47,12,54.35,471.3,97.2,17.2,409.0,447,BMS-11.2.11
BAT-00325,NMC811,180,5,660.6,389.49,14,117.92,1648.8,593.1,19.9,2919.1,2385,BMS-11.6.0
BAT-00326,LFP,112,8,360.6,176.40,12,61.14,907.1,193.3,21.9,991.2,1042,BMS-8.3.6
BAT-00327,LFP,108,8,347.8,211.51,10,76.03,1093.2,229.3,13.5,1437.6,1269,BMS-10.7.10
BAT-00328,NMC811,96,3,352.3,57.54,18,54.44,380.2,59.0,19.0,432.9,378,BMS-10.5.15
BAT-00329,NMC811,192,8,704.6,565.98,8,100.40,3086.6,859.5,22.0,3358.9,3567,BMS-8.5.3
BAT-00330,LFP,192,2,618.2,112.76,10,91.20,756.1,119.6,23.6,729.6,645,BMS-7.2.7
BAT-00331,NMC622,144,2,524.2,119.39,14,113.89,715.2,195.5,22.3,905.3,849,BMS-7.6.10
BAT-00332,LMFP,192,3,635.5,125.93,18,66.05,952.5,170.2,22.1,769.7,725,BMS-9.2.3
BAT-00333,NMC622,96,6,349.4,160.66,8,76.63,970.1,268.1,11.0,1202.1,997,BMS-9.4.4
BAT-00334,NMC811,108,3,396.4,131.72,8,110.78,904.3,160.7,20.9,753.2,941,BMS-6.4.13
BAT-00335,LMFP,96,3,317.8,65.99,8,69.22,406.2,83.1,19.0,497.4,362,BMS-10.7.2
BAT-00336,NMC811,112,6,411.0,231.16,14,93.73,1482.3,355.7,18.1,1292.0,1454,BMS-11.3.7
BAT-00337,NMC622,112,2,407.7,95.03,14,116.54,706.7,192.7,21.3,678.9,519,BMS-9.8.11
BAT-00338,LFP,112,2,360.6,53.22,10,73.78,273.6,96.7,16.9,335.3,346,BMS-9.7.5
BAT-00339,NMC811,108,8,396.4,167.39,16,52.79,1122.5,348.0,16.5,1003.4,1050,BMS-9.4.13
BAT-00340,LMFP,144,5,476.6,214.95,12,90.19,1576.7,333.3,17.8,1251.7,1372,BMS-8.5.9
BAT-00341,NMC811,192,5,704.6,231.81,8,65.79,1686.6,251.8,19.7,1610.9,1483,BMS-9.6.16
BAT-00342,LFP,112,2,360.6,61.22,14,84.88,440.9,94.2,15.8,334.6,360,BMS-11.4.11
BAT-00343,LFP,108,8,347.8,277.90,12,99.89,1872.8,410.8,20.6,1976.8,1739,BMS-9.0.19
BAT-00344,LMFP,192,2,635.5,113.39,12,89.21,602.7,199.2,21.5,857.7,698,BMS-11.3.12
BAT-00345,NMC811,144,3,528.5,82.58,18,52.09,612.8,123.3,23.8,596.0,454,BMS-9.0.8
BAT-00346,LFP,96,3,309.1,88.14,12,95.04,617.1,127.5,10.5,614.9,500,BMS-8.7.0
BAT-00347,NMC622,180,8,655.2,462.02,16,88.14,3269.3,721.2,18.3,3488.5,3399,BMS-8.2.2
BAT-00348,NMC811,144,3,528.5,137.31,14,86.60,954.1,171.7,10.9,943.4,877,BMS-7.8.13
BAT-00349,NMC622,108,4,393.1,107.49,14,68.36,747.6,125.1,10.1,661.7,781,BMS-6.8.17
BAT-00350,NMC622,120,5,436.8,229.41,12,105.04,1173.7,428.1,21.5,1525.3,1375,BMS-6.2.4
BAT-00351,NMC811,144,6,528.5,369.03,8,116.38,1906.2,520.9,10.4,2034.7,2689,BMS-8.0.15
BAT-00352,NMC811,144,3,528.5,91.71,14,57.85,539.9,141.5,13.1,584.1,521,BMS-8.8.4
BAT-00353,LFP,108,8,347.8,289.87,14,104.19,2037.8,357.2,15.0,2009.7,1848,BMS-9.5.8
BAT-00354,LFP,108,6,347.8,221.81,8,106.31,1150.0,358.4,12.5,1217.6,1244,BMS-7.7.17
BAT-00355,NMC811,108,6,396.4,236.00,8,99.24,1759.5,477.1,10.8,1767.8,1633,BMS-11.3.18
BAT-00356,LMFP,112,3,370.7,99.98,18,89.90,453.3,116.9,9.7,748.0,553,BMS-11.3.10
BAT-00357,LMFP,112,2,370.7,59.83,18,80.70,349.6,95.1,9.7,340.5,361,BMS-7.7.7
BAT-00358,NMC811,120,2,440.4,50.19,8,56.98,355.2,101.5,11.4,300.7,261,BMS-11.4.11
BAT-00359,LFP,144,5,463.7,193.42,18,83.43,883.5,246.5,19.3,1421.0,1227,BMS-11.0.5
BAT-00360,LMFP,144,6,476.6,297.77,14,104.12,1921.2,438.5,24.0,1855.7,1583,BMS-6.7.17
BAT-00361,NMC622,180,2,655.2,97.15,16,74.14,660.0,196.7,18.3,675.7,633,BMS-11.3.17
BAT-00362,LFP,96,8,309.1,136.08,16,55.03,681.1,232.7,21.1,969.0,731,BMS-9.6.12
BAT-00363,LMFP,112,3,370.7,95.12,10,85.53,498.6,113.5,20.4,714.6,548,BMS-7.4.9
BAT-00364,LMFP,96,8,317.8,159.96,8,62.92,727.7,315.3,12.9,1181.9,1046,BMS-8.2.10
BAT-00365,NMC622,120,4,436.8,120.25,18,68.83,823.2,201.5,19.2,833.8,704,BMS-6.0.6
BAT-00366,NMC811,180,3,660.6,122.64,14,61.88,764.0,222.5,15.9,930.7,766,BMS-7.5.7
BAT-00367,NMC811,120,3,440.4,154.20,10,116.71,1143.0,277.3,14.2,1024.1,970,BMS-9.8.19
BAT-00368,LMFP,144,6,476.6,329.52,12,115.22,1736.8,441.6,16.8,1957.7,1814,BMS-7.0.18
BAT-00369,NMC811,96,4,352.3,147.46,10,104.63,1085.5,292.2,20.7,942.4,891,BMS-7.5.14
BAT-00370,NMC622,144,4,524.2,237.76,18,113.40,1179.6,449.8,14.9,1403.7,1422,BMS-9.5.1
BAT-00371,NMC811,180,6,660.6,393.32,18,99.23,2524.7,683.4,11.5,2559.8,2066,BMS-6.8.0
BAT-00372,NMC622,112,5,407.7,122.40,14,60.04,903.1,168.1,10.5,835.5,768,BMS-8.4.2
BAT-00373,LFP,96,6,309.1,140.42,18,75.71,854.2,276.2,15.1,995.5,981,BMS-8.3.1
BAT-00374,NMC811,180,8,660.6,548.36,16,103.76,3881.8,590.3,23.0,3894.7,3814,BMS-6.8.8
BAT-00375,NMC811,144,5,528.5,256.33,12,97.01,1210.9,393.5,9.9,1732.8,1849,BMS-7.4.9
BAT-00376,NMC622,108,2,393.1,45.76,8,58.20,259.3,76.5,15.5,314.5,314,BMS-10.7.19
BAT-00377,NMC622,96,5,349.4,171.44,14,98.12,1230.9,216.6,17.4,1100.1,985,BMS-9.5.4
BAT-00378,NMC811,96,3,352.3,87.28,8,82.57,598.4,137.6,23.3,549.5,474,BMS-6.2.16
BAT-00379,NMC622,180,8,655.2,497.07,18,94.83,3057.0,604.1,12.0,2732.9,2722,BMS-11.2.14
BAT-00380,NMC622,108,3,393.1,101.34,16,85.93,481.5,108.9,23.8,609.9,644,BMS-10.7.17
BAT-00381,LFP,112,3,360.6,109.94,16,101.62,543.3,203.3,13.7,676.9,625,BMS-8.2.4
BAT-00382,LFP,108,3,347.8,83.91,14,80.43,455.5,108.1,14.1,518.8,453,BMS-7.3.8
BAT-00383,LFP,108,2,347.8,50.78,10,73.01,382.2,98.7,20.5,287.3,301,BMS-6.6.12
BAT-00384,NMC622,96,8,349.4,181.38,12,64.88,1040.7,326.0,22.1,1283.9,1265,BMS-7.5.18
BAT-00385,LFP,192,8,618.2,402.38,8,81.36,2173.1,756.0,16.0,2295.2,2769,BMS-6.2.12
BAT-00386,LFP,112,5,360.6,145.48,14,80.68,663.6,147.4,11.2,1072.9,836,BMS-11.7.15
BAT-00387,NMC811,120,5,440.4,139.24,10,63.23,774.7,222.1,12.0,1039.8,998,BMS-11.2.5
BAT-00388,LFP,120,8,386.4,235.99,12,76.34,1783.0,326.0,15.7,1463.0,1404,BMS-6.7.5
BAT-00389,LFP,108,2,347.8,62.77,16,90.25,291.2,124.1,22.0,343.0,420,BMS-8.5.11
BAT-00390,LMFP,180,5,595.8,269.76,12,90.55,1793.7,502.8,21.0,1520.5,1762,BMS-6.4.14
BAT-00391,NMC622,144,2,524.2,119.50,8,113.99,651.8,167.3,18.3,704.4,698,BMS-10.7.19
BAT-00392,NMC622,192,6,698.9,456.17,8,108.79,2486.9,786.3,10.8,3175.4,2632,BMS-6.0.10
BAT-00393,NMC622,144,5,524.2,223.38,12,85.23,1261.6,260.5,23.3,1578.4,1458,BMS-7.4.16
BAT-00394,LMFP,192,5,635.5,219.05,18,68.94,1567.3,240.6,10.2,1485.8,1497,BMS-8.0.0
BAT-00395,LFP,108,6,347.8,216.19,12,103.61,1445.5,392.3,9.6,1344.4,1167,BMS-6.3.19
BAT-00396,LMFP,96,5,317.8,113.80,14,71.63,723.9,134.6,13.1,829.4,604,BMS-10.3.14
BAT-00397,LFP,120,8,386.4,251.89,18,81.49,1145.1,435.4,10.7,1832.4,1451,BMS-6.8.8
BAT-00398,LMFP,120,8,397.2,343.42,10,108.08,1967.7,617.9,23.3,1869.1,2433,BMS-8.8.16
BAT-00399,LMFP,192,5,635.5,365.95,16,115.16,1788.7,686.3,19.8,2115.0,2644,BMS-9.1.14
BAT-00400,LFP,180,3,579.6,172.00,8,98.92,957.7,317.2,12.4,1181.5,1114,BMS-7.0.1
BAT-00401,LMFP,144,2,476.6,94.16,10,98.77,493.9,173.6,11.5,511.4,664,BMS-8.5.4
BAT-00402,LMFP,120,2,397.2,88.28,10,111.12,608.3,141.6,14.2,512.4,636,BMS-8.6.12
BAT-00403,LFP,96,2,309.1,44.45,18,71.90,268.8,63.7,18.3,308.2,257,BMS-8.2.13
BAT-00404,LMFP,112,2,370.7,79.97,14,107.86,532.2,157.6,14.5,552.7,584,BMS-7.0.10
BAT-00405,NMC622,120,5,436.8,232.48,8,106.45,1056.9,454.3,18.5,1655.2,1406,BMS-10.2.13
BAT-00406,LFP,144,2,463.7,77.80,16,83.89,549.3,85.2,20.4,583.3,571,BMS-8.5.14
BAT-00407,LMFP,108,4,357.5,98.78,8,69.08,670.1,185.2,10.9,705.1,682,BMS-10.5.4
BAT-00408,NMC622,144,6,524.2,249.34,14,79.28,1723.2,392.7,20.5,1820.9,1543,BMS-6.2.0
BAT-00409,NMC811,192,4,704.6,203.36,14,72.15,1053.7,351.9,14.2,1337.1,1226,BMS-6.1.19
BAT-00410,NMC811,120,8,440.4,366.33,8,103.98,1809.8,499.2,23.6,2256.3,2685,BMS-7.7.0
BAT-00411,LMFP,112,3,370.7,113.13,12,101.73,619.7,189.9,18.3,827.5,644,BMS-6.2.1
BAT-00412,NMC622,144,6,524.2,330.59,10,105.12,2126.2,341.3,10.7,2344.1,2084,BMS-11.7.16
BAT-00413,NMC622,120,4,436.8,154.00,18,88.14,1117.4,164.3,21.2,949.5,1113,BMS-10.0.11
BAT-00414,LMFP,112,6,370.7,178.12,16,80.08,1086.5,190.6,21.0,1351.5,966,BMS-7.4.13
BAT-00415,NMC622,180,4,655.2,150.64,8,57.48,667.8,297.2,12.7,818.7,1008,BMS-10.0.10
BAT-00416,LFP,192,3,618.2,179.34,14,96.69,771.6,306.5,10.6,1113.0,983,BMS-11.2.14
BAT-00417,NMC622,108,8,393.1,164.15,16,52.19,915.9,267.8,23.0,915.1,876,BMS-8.8.7
BAT-00418,LFP,144,6,463.7,273.47,12,98.30,1832.9,470.6,17.6,1691.7,1459,BMS-10.3.18
BAT-00419,LMFP,108,5,357.5,127.83,10,71.52,639.7,199.6,16.6,757.5,761,BMS-9.8.0
BAT-00420,NMC811,96,4,352.3,136.07,16,96.55,583.7,254.1,15.1,827.9,787,BMS-6.5.1
BAT-00421,NMC622,192,6,698.9,424.94,12,101.34,2297.5,728.4,21.0,2365.5,2311,BMS-9.3.7
BAT-00422,LMFP,192,4,635.5,246.17,14,96.84,1072.8,289.6,9.9,1687.3,1689,BMS-6.2.5
BAT-00423,LMFP,180,8,595.8,283.63,16,59.51,1791.1,441.6,12.0,1986.5,1905,BMS-11.0.11
BAT-00424,LMFP,192,2,635.5,86.79,10,68.29,642.1,140.5,10.5,533.7,537,BMS-8.5.17
BAT-00425,NMC622,192,2,698.9,162.00,10,115.90,1127.6,318.5,23.4,1109.1,887,BMS-6.1.4
BAT-00426,LFP,112,5,360.6,166.96,12,92.59,1256.3,221.8,12.8,1070.6,1150,BMS-11.2.16
BAT-00427,LMFP,192,8,635.5,533.14,18,104.86,3288.3,609.1,14.7,3292.7,2815,BMS-7.8.2
BAT-00428,LMFP,120,3,397.2,121.77,12,102.19,614.2,134.0,10.8,901.5,860,BMS-9.6.17
BAT-00429,LFP,192,8,618.2,507.16,14,102.54,3184.5,571.9,17.9,3166.1,3147,BMS-10.2.19
BAT-00430,LMFP,180,2,595.8,131.25,14,110.14,996.3,231.4,17.8,868.2,960,BMS-10.8.15
BAT-00431,NMC811,144,6,528.5,175.54,8,55.36,1241.6,255.1,15.0,957.7,944,BMS-10.1.17
BAT-00432,LFP,192,2,618.2,86.04,14,69.58,454.7,154.4,18.4,545.1,619,BMS-7.4.13
BAT-00433,LMFP,192,4,635.5,176.56,10,69.45,781.9,189.4,18.9,1194.6,999,BMS-6.8.4
BAT-00434,LFP,192,4,618.2,151.14,10,61.12,905.2,208.7,18.5,875.5,1101,BMS-10.6.15
BAT-00435,NMC811,112,8,411.0,301.43,8,91.67,1598.0,584.3,11.8,2076.0,2167,BMS-11.6.10
BAT-00436,NMC811,192,2,704.6,151.85,16,107.75,943.6,295.4,17.5,1137.5,902,BMS-10.2.10
BAT-00437,LFP,144,4,463.7,97.28,14,52.45,496.1,152.0,14.1,552.2,670,BMS-7.2.9
BAT-00438,LFP,192,8,618.2,425.42,18,86.01,2050.5,664.3,10.3,2454.6,2845,BMS-6.5.6
BAT-00439,NMC622,112,5,407.7,163.77,8,80.34,790.5,263.5,12.2,951.0,1180,BMS-8.6.4
BAT-00440,LMFP,192,8,635.5,311.67,18,61.30,1785.5,628.9,14.0,1963.1,1993,BMS-9.3.11
BAT-00441,NMC811,120,4,440.4,96.66,10,54.87,647.9,150.3,19.5,550.6,573,BMS-7.6.11
BAT-00442,LMFP,120,3,397.2,80.91,16,67.90,486.8,99.3,15.7,460.9,576,BMS-10.5.15
BAT-00443,LFP,120,2,386.4,90.05,16,116.53,390.1,107.1,10.3,654.5,591,BMS-10.3.11
BAT-00444,LFP,120,2,386.4,78.01,10,100.94,417.6,138.1,18.0,578.8,443,BMS-8.3.10
BAT-00445,LFP,96,3,309.1,88.67,8,95.62,487.7,116.9,16.1,656.4,537,BMS-8.3.13
BAT-00446,NMC622,120,6,436.8,248.42,8,94.79,1412.9,285.9,13.5,1886.8,1675,BMS-11.3.0
BAT-00447,NMC811,192,2,704.6,163.19,14,115.80,685.5,203.4,21.1,991.4,915,BMS-8.5.0
BAT-00448,NMC622,96,6,349.4,135.01,8,64.39,954.8,253.6,13.4,748.9,781,BMS-8.1.8
BAT-00449,NMC622,144,4,524.2,183.42,14,87.49,912.6,346.8,14.1,1366.7,991,BMS-9.6.1
BAT-00450,LMFP,96,5,317.8,85.01,8,53.50,410.2,160.5,21.1,584.1,573,BMS-11.2.5
BAT-00451,LMFP,120,8,397.2,341.41,10,107.44,1529.4,355.4,21.4,2469.0,1809,BMS-7.7.7
BAT-00452,NMC622,144,6,524.2,260.38,12,82.79,1155.4,367.6,12.8,1410.8,1829,BMS-8.6.17
BAT-00453,NMC622,192,2,698.9,107.61,18,76.99,705.3,129.1,19.4,759.6,614,BMS-11.3.1
BAT-00454,LMFP,108,3,357.5,101.92,14,95.03,657.8,144.1,15.5,570.2,711,BMS-7.0.10
BAT-00455,NMC622,120,5,436.8,164.75,18,75.43,704.7,188.8,16.5,1067.6,1218,BMS-7.0.19
BAT-00456,NMC811,96,4,352.3,90.00,8,63.86,551.4,126.8,11.9,652.9,486,BMS-11.8.8
BAT-00457,LFP,180,8,579.6,490.16,8,105.71,3555.6,862.7,16.1,2774.8,2586,BMS-6.6.9
BAT-00458,NMC811,112,6,411.0,243.09,12,98.57,1261.2,457.6,15.3,1445.0,1756,BMS-6.1.4
BAT-00459,LMFP,112,8,370.7,347.86,14,117.29,2020.7,728.9,20.8,1960.3,1935,BMS-9.4.12
BAT-00460,NMC622,144,4,524.2,158.73,14,75.71,1196.6,235.9,15.0,976.2,1104,BMS-6.3.7
BAT-00461,LMFP,120,8,397.2,245.89,14,77.38,1222.5,405.7,10.3,1739.8,1711,BMS-6.4.3
BAT-00462,NMC622,112,5,407.7,168.03,12,82.43,905.4,337.6,21.9,996.4,1191,BMS-9.1.10
BAT-00463,LMFP,112,3,370.7,69.64,12,62.61,393.9,86.0,22.2,482.0,389,BMS-8.6.10
BAT-00464,NMC811,120,3,440.4,75.91,10,57.45,427.3,119.9,16.2,415.0,508,BMS-8.2.3
BAT-00465,NMC622,112,6,407.7,266.04,18,108.76,1330.4,542.5,21.8,1673.2,1667,BMS-7.7.11
BAT-00466,LMFP,108,6,357.5,113.32,10,52.83,836.8,132.6,22.6,739.2,649,BMS-8.6.16
BAT-00467,LMFP,112,8,370.7,345.80,16,116.60,1817.6,640.8,15.3,2614.5,1955,BMS-8.6.16
BAT-00468,NMC811,108,3,396.4,131.87,16,110.90,614.1,136.8,21.1,783.7,802,BMS-9.4.11
BAT-00469,LFP,192,4,618.2,172.47,10,69.74,1295.1,294.0,11.6,1147.5,953,BMS-6.4.9
BAT-00470,LMFP,96,5,317.8,143.85,14,90.54,748.5,260.3,22.3,922.5,955,BMS-7.2.5
BAT-00471,NMC622,120,8,436.8,282.59,14,80.87,1522.7,583.1,16.3,1564.9,1495,BMS-7.3.8
BAT-00472,NMC811,144,6,528.5,188.46,18,59.44,978.1,383.8,19.4,1210.4,1135,BMS-10.2.4
BAT-00473,NMC622,192,4,698.9,250.85,12,89.73,1724.3,369.3,23.5,1403.1,1376,BMS-6.4.13
BAT-00474,NMC622,112,5,407.7,236.03,10,115.79,1677.9,350.0,15.5,1445.8,1300,BMS-6.5.6
BAT-00475,LFP,96,8,309.1,153.62,14,62.12,1025.7,192.9,9.7,1008.5,984,BMS-11.1.3
BAT-00476,NMC622,96,2,349.4,74.17,12,106.12,313.6,77.4,19.8,436.2,477,BMS-10.1.2
BAT-00477,LFP,180,4,579.6,250.39,14,108.00,1694.2,284.8,23.6,1789.0,1438,BMS-6.5.18
BAT-00478,LFP,192,5,618.2,344.10,18,111.32,2139.8,576.8,13.4,2487.0,2363,BMS-7.4.12
BAT-00479,LMFP,180,3,595.8,159.38,10,89.17,959.0,230.3,12.5,1166.2,1021,BMS-7.1.15
BAT-00480,LFP,96,8,309.1,166.75,14,67.43,1004.9,264.1,21.7,1144.2,1103,BMS-8.3.14
BAT-00481,NMC622,192,8,698.9,430.36,16,76.97,2069.4,644.0,10.0,2764.1,2910,BMS-11.1.5
BAT-00482,NMC622,112,8,407.7,254.96,16,78.17,1605.9,505.7,20.2,1658.5,1823,BMS-7.5.8
BAT-00483,NMC622,144,8,524.2,381.18,16,90.90,1663.1,740.8,21.3,2525.8,2345,BMS-9.2.13
BAT-00484,NMC622,144,3,524.2,162.19,16,103.14,828.8,252.1,13.1,1057.4,870,BMS-10.1.10
BAT-00485,LMFP,180,6,595.8,245.42,14,68.65,1354.7,512.2,12.7,1512.4,1585,BMS-6.4.13
BAT-00486,LFP,108,3,347.8,108.33,12,103.83,787.4,111.8,10.7,627.9,721,BMS-8.0.3
BAT-00487,NMC811,192,6,704.6,397.89,14,94.11,2669.9,637.1,20.3,2828.0,2943,BMS-8.2.13
BAT-00488,NMC622,112,6,407.7,219.37,12,89.68,1338.3,230.1,17.5,1312.0,1447,BMS-8.7.6
BAT-00489,NMC811,112,5,411.0,193.15,16,93.98,1116.1,224.4,19.5,1417.5,1022,BMS-6.3.16
BAT-00490,LFP,108,4,347.8,112.51,18,80.88,552.0,221.2,13.4,730.1,779,BMS-11.2.2
BAT-00491,LFP,112,5,360.6,99.73,18,55.31,554.5,159.9,14.8,653.1,679,BMS-7.6.1
BAT-00492,NMC811,108,2,396.4,81.45,14,102.75,521.7,112.1,12.4,618.8,513,BMS-9.6.8
BAT-00493,NMC811,112,2,411.0,70.17,8,85.36,317.0,100.0,11.8,471.2,517,BMS-9.4.17
BAT-00494,NMC622,112,4,407.7,143.20,10,87.81,618.8,285.8,16.1,898.7,890,BMS-7.5.4
BAT-00495,LMFP,96,3,317.8,107.45,10,112.72,682.9,131.9,20.5,735.2,724,BMS-9.8.16
BAT-00496,LFP,144,4,463.7,192.80,16,103.95,1330.7,365.1,19.8,1167.1,1182,BMS-6.8.11
BAT-00497,LMFP,112,2,370.7,64.36,10,86.81,350.9,96.2,10.4,479.5,379,BMS-10.7.13
BAT-00498,LMFP,192,5,635.5,226.98,12,71.43,1600.6,399.8,23.6,1700.9,1526,BMS-6.4.9
BAT-00499,NMC622,112,3,407.7,78.88,16,64.50,580.5,107.5,20.7,553.6,574,BMS-7.7.0
BAT-00500,LFP,120,3,386.4,87.69,12,75.65,651.9,116.8,19.2,613.3,636,BMS-6.4.12
BAT-00501,LMFP,192,5,635.5,344.21,8,108.32,1602.2,418.6,12.2,2588.7,2413,BMS-11.8.17
BAT-00502,LFP,108,5,347.8,197.98,12,113.86,877.0,377.9,12.8,1491.6,1040,BMS-6.0.3
BAT-00503,NMC811,120,2,440.4,72.20,8,81.98,512.8,98.3,21.3,414.0,450,BMS-11.1.11
BAT-00504,NMC622,112,2,407.7,92.80,10,113.81,413.4,188.2,13.1,678.8,620,BMS-10.4.8
BAT-00505,NMC622,192,2,698.9,120.05,18,85.89,613.7,157.7,19.9,830.4,707,BMS-10.5.8
BAT-00506,LFP,108,2,347.8,64.88,10,93.29,425.5,102.4,18.4,417.1,381,BMS-9.0.4
BAT-00507,NMC622,112,8,407.7,187.33,14,57.44,856.7,263.6,16.8,1242.4,1077,BMS-9.8.6
BAT-00508,NMC811,96,8,352.3,232.96,14,82.65,1061.0,446.8,16.2,1543.5,1401,BMS-10.2.5
BAT-00509,NMC811,96,8,352.3,311.64,12,110.57,1401.6,558.9,16.0,1713.8,2078,BMS-7.8.10
BAT-00510,LFP,120,6,386.4,133.17,18,57.44,956.1,258.9,12.8,720.2,837,BMS-7.0.3
BAT-00511,NMC811,192,2,704.6,91.54,18,64.96,426.3,137.7,18.2,646.1,624,BMS-8.8.6
BAT-00512,LMFP,120,8,397.2,244.22,18,76.86,1306.6,484.5,13.0,1742.3,1287,BMS-9.7.10
BAT-00513,NMC622,96,3,349.4,119.03,8,113.55,816.0,229.7,11.6,773.4,876,BMS-6.3.11
BAT-00514,LFP,96,4,309.1,121.49,18,98.25,668.5,175.9,11.3,723.7,845,BMS-7.3.18
BAT-00515,LFP,120,3,386.4,78.08,12,67.36,440.1,120.2,11.4,523.0,415,BMS-9.8.1
BAT-00516,LFP,192,6,618.2,396.20,12,106.81,2087.3,445.2,10.3,2514.8,2886,BMS-8.7.18
BAT-00517,NMC811,112,8,411.0,337.60,12,102.67,1894.8,455.9,15.2,2113.9,2148,BMS-6.3.11
BAT-00518,LFP,192,5,618.2,282.74,10,91.47,1294.4,358.5,19.2,1777.1,1787,BMS-8.2.18
BAT-00519,LMFP,108,2,357.5,82.09,8,114.81,512.0,142.9,14.7,500.2,546,BMS-11.4.16
BAT-00520,NMC811,120,8,440.4,235.44,14,66.82,1585.9,427.1,20.4,1439.1,1556,BMS-7.0.8
BAT-00521,NMC811,192,4,704.6,185.51,8,65.82,911.0,231.7,16.7,1210.7,974,BMS-7.1.14
BAT-00522,NMC622,144,3,524.2,98.99,10,62.95,645.8,170.1,11.6,547.9,589,BMS-8.6.14
BAT-00523,NMC622,120,2,436.8,82.37,18,94.28,479.0,137.3,13.4,592.2,464,BMS-7.4.13
BAT-00524,LFP,144,6,463.7,230.49,8,82.85,1031.2,426.0,22.5,1470.5,1416,BMS-11.7.7
BAT-00525,NMC622,180,5,655.2,289.82,14,88.47,2104.4,560.7,21.5,1807.5,1977,BMS-10.1.5
BAT-00526,LFP,96,8,309.1,241.64,18,97.71,1099.3,415.2,16.0,1567.6,1325,BMS-11.6.4
BAT-00527,NMC811,180,2,660.6,75.67,12,57.27,434.5,76.1,14.2,536.5,417,BMS-10.2.11
BAT-00528,NMC622,112,3,407.7,72.53,14,59.31,431.9,147.0,13.3,479.6,495,BMS-10.4.12
BAT-00529,NMC811,120,8,440.4,385.52,12,109.42,1704.7,450.3,21.4,2288.3,2412,BMS-9.3.18
BAT-00530,NMC622,108,2,393.1,63.99,10,81.39,315.1,73.5,17.7,482.0,435,BMS-7.8.17
BAT-00531,LFP,108,4,347.8,90.76,10,65.24,498.2,104.6,23.5,602.6,572,BMS-9.7.16
BAT-00532,LMFP,180,5,595.8,274.93,14,92.29,1868.5,520.3,14.2,2049.4,1693,BMS-6.3.3
BAT-00533,NMC811,112,4,411.0,185.78,12,112.99,958.8,318.3,23.6,1251.8,1108,BMS-10.3.4
BAT-00534,NMC622,120,6,436.8,276.39,10,105.46,2081.9,365.7,13.8,1641.0,2025,BMS-8.3.14
BAT-00535,NMC622,180,8,655.2,470.11,16,89.69,2167.5,816.2,11.9,2696.0,2761,BMS-9.0.9
BAT-00536,LMFP,112,6,370.7,246.02,14,110.60,1457.8,482.0,15.8,1438.5,1663,BMS-9.1.5
BAT-00537,LMFP,108,5,357.5,202.22,18,113.13,1192.5,266.3,9.5,1327.2,1272,BMS-11.1.8
BAT-00538,NMC811,108,6,396.4,264.47,8,111.21,1294.5,280.2,21.0,1741.5,1661,BMS-9.0.12
BAT-00539,NMC811,120,3,440.4,123.84,18,93.73,772.1,131.4,17.5,822.4,670,BMS-10.6.0
BAT-00540,LMFP,96,2,317.8,50.96,10,80.19,253.2,77.6,18.4,278.0,274,BMS-10.8.2
BAT-00541,NMC811,108,3,396.4,130.88,18,110.07,655.3,192.6,22.5,764.4,931,BMS-9.6.6
BAT-00542,NMC811,96,2,352.3,82.78,16,117.47,396.1,129.0,10.4,514.3,553,BMS-6.7.16
BAT-00543,NMC622,108,3,393.1,134.73,12,114.24,874.4,240.7,17.9,760.6,740,BMS-9.6.16
BAT-00544,LMFP,120,2,397.2,45.37,14,57.12,323.1,53.8,12.4,265.6,250,BMS-8.1.1
BAT-00545,LMFP,112,2,370.7,83.87,8,113.11,503.6,151.8,16.0,621.8,550,BMS-7.2.6
BAT-00546,LMFP,144,6,476.6,261.14,14,91.31,1541.3,394.9,11.1,1872.1,1861,BMS-7.1.16
BAT-00547,NMC622,96,5,349.4,141.89,16,81.21,845.5,192.4,20.0,964.6,860,BMS-11.0.17
BAT-00548,NMC811,180,6,660.6,318.26,18,80.30,1846.7,470.5,10.0,2065.5,2136,BMS-11.6.13
BAT-00549,NMC811,120,2,440.4,88.13,12,100.06,565.9,135.5,23.6,540.5,621,BMS-8.7.7
BAT-00550,LMFP,112,2,370.7,46.26,8,62.39,267.5,69.8,15.5,322.6,333,BMS-10.3.9
BAT-00551,NMC811,144,2,528.5,96.93,14,91.71,429.4,201.0,14.2,662.8,636,BMS-11.3.3
BAT-00552,LMFP,120,8,397.2,193.15,14,60.79,1261.8,245.8,13.8,1281.0,1339,BMS-8.5.9
BAT-00553,LFP,96,6,309.1,169.29,12,91.28,1237.9,266.7,22.3,1162.6,1019,BMS-6.4.15
BAT-00554,LMFP,108,5,357.5,107.99,14,60.42,458.2,151.4,18.0,624.5,668,BMS-9.5.12
BAT-00555,NMC622,192,4,698.9,234.73,14,83.96,996.0,459.8,10.2,1281.4,1356,BMS-11.1.2
BAT-00556,LFP,120,8,386.4,347.39,8,112.38,2103.2,490.0,20.8,2431.8,2558,BMS-11.1.10
BAT-00557,NMC811,96,8,352.3,265.96,8,94.36,1613.5,305.7,17.9,1657.5,1430,BMS-10.1.9
BAT-00558,NMC622,120,3,436.8,84.25,8,64.29,390.3,112.9,23.9,600.1,584,BMS-9.7.5
BAT-00559,LFP,108,2,347.8,75.94,16,109.18,472.5,115.1,20.8,415.2,492,BMS-7.8.4
BAT-00560,LMFP,108,4,357.5,161.88,14,113.21,1119.6,332.4,20.7,906.8,961,BMS-7.2.5
BAT-00561,NMC622,108,5,393.1,175.87,14,89.48,1124.1,260.3,13.9,1212.1,1288,BMS-11.1.11
BAT-00562,NMC811,180,6,660.6,234.97,18,59.28,1089.3,489.0,11.3,1382.7,1637,BMS-6.1.3
BAT-00563,NMC811,144,2,528.5,69.29,12,65.56,448.5,106.2,11.9,489.5,456,BMS-11.4.6
BAT-00564,LFP,112,5,360.6,162.69,10,90.23,724.2,171.0,11.4,898.2,1022,BMS-11.1.13
BAT-00565,LFP,144,5,463.7,187.44,8,80.85,814.4,201.1,20.9,1218.6,1278,BMS-8.1.9
BAT-00566,NMC622,108,3,393.1,114.80,8,97.34,487.2,192.3,20.7,729.6,601,BMS-6.4.19
BAT-00567,LMFP,192,2,635.5,102.60,16,80.72,750.9,195.2,17.9,631.5,713,BMS-9.2.16
BAT-00568,LFP,180,6,579.6,203.37,8,58.48,985.4,360.4,16.1,1159.1,1269,BMS-10.6.9
BAT-00569,LFP,120,6,386.4,153.41,10,66.17,651.6,276.6,18.4,863.4,802,BMS-6.4.15
BAT-00570,NMC622,108,4,393.1,171.74,8,109.21,846.0,218.7,14.0,1207.3,1150,BMS-9.8.8
BAT-00571,LMFP,112,5,370.7,203.31,18,109.68,952.5,363.0,15.9,1300.3,1369,BMS-11.2.5
BAT-00572,NMC622,192,4,698.9,240.28,8,85.95,1384.4,460.5,18.6,1438.3,1699,BMS-7.3.3
BAT-00573,LMFP,96,2,317.8,66.24,12,104.23,401.6,113.4,13.3,450.8,402,BMS-11.3.10
BAT-00574,NMC622,180,6,655.2,355.30,14,90.38,2130.8,549.9,18.0,2421.6,1899,BMS-7.6.17
BAT-00575,LFP,120,2,386.4,61.59,12,79.69,263.2,65.3,20.3,399.9,408,BMS-10.3.9
BAT-00576,LMFP,112,4,370.7,135.58,10,91.43,605.9,229.2,18.7,848.5,714,BMS-10.5.15
BAT-00577,NMC622,120,3,436.8,102.55,12,78.26,586.8,112.1,18.7,766.5,675,BMS-9.6.2
BAT-00578,LFP,120,4,386.4,181.71,8,117.57,1315.7,227.2,20.7,1213.9,1160,BMS-11.2.17
BAT-00579,NMC811,96,5,352.3,188.08,16,106.77,1060.6,359.1,19.0,1215.9,1089,BMS-11.5.19
BAT-00580,LMFP,112,6,370.7,262.27,16,117.91,1488.9,434.1,15.6,1656.2,1623,BMS-11.8.10
BAT-00581,NMC811,180,5,660.6,378.64,8,114.63,2764.0,417.5,19.5,2451.4,2167,BMS-9.1.13
BAT-00582,NMC811,96,8,352.3,157.23,14,55.78,852.3,327.0,11.6,1172.6,1051,BMS-8.3.13
BAT-00583,LFP,108,6,347.8,207.19,14,99.30,1456.1,269.3,23.8,1317.7,1324,BMS-7.1.9
BAT-00584,LMFP,112,8,370.7,339.33,16,114.41,2058.7,588.9,22.8,1961.4,2178,BMS-11.7.16
BAT-00585,LFP,144,2,463.7,86.85,14,93.65,549.6,182.3,11.7,572.3,475,BMS-10.2.1
BAT-00586,NMC811,180,6,660.6,409.37,16,103.28,2977.6,436.9,17.1,2665.0,2586,BMS-8.6.19
BAT-00587,NMC622,180,3,655.2,142.16,18,72.33,1057.0,195.5,18.4,902.7,1007,BMS-8.7.6
BAT-00588,NMC811,108,6,396.4,257.62,10,108.33,1410.1,471.6,17.1,1673.9,1800,BMS-9.6.7
BAT-00589,LFP,108,8,347.8,312.39,8,112.29,1481.5,620.5,18.7,1969.8,1829,BMS-7.8.18
BAT-00590,LFP,192,5,618.2,319.28,8,103.29,1438.7,566.0,20.4,1916.0,1977,BMS-8.7.3
BAT-00591,LFP,112,3,360.6,100.73,12,93.11,498.2,173.6,9.8,717.9,601,BMS-11.0.15
BAT-00592,NMC811,144,5,528.5,138.49,18,52.41,768.9,154.5,12.6,985.4,998,BMS-7.8.17
BAT-00593,NMC622,144,6,524.2,304.58,10,96.85,2283.7,490.9,14.0,1893.6,1625,BMS-9.6.1
BAT-00594,LMFP,96,2,317.8,41.19,18,64.82,257.4,78.5,17.4,307.2,243,BMS-7.5.7
BAT-00595,LMFP,192,2,635.5,68.14,8,53.61,334.9,105.5,19.4,451.5,397,BMS-6.7.0
BAT-00596,LFP,108,3,347.8,106.54,8,102.12,685.9,107.2,16.5,665.1,786,BMS-11.7.12
BAT-00597,NMC622,180,2,655.2,141.45,8,107.95,680.6,220.5,14.2,765.1,1008,BMS-6.0.5
BAT-00598,NMC622,112,2,407.7,63.63,14,78.04,412.0,67.8,12.1,384.1,431,BMS-8.5.12
BAT-00599,NMC622,192,8,698.9,329.55,16,58.94,1405.0,521.0,15.1,2156.5,2094,BMS-7.4.19
BAT-00600,NMC622,108,4,393.1,85.99,10,54.68,401.7,146.4,22.0,493.0,570,BMS-10.6.2
BAT-00601,LMFP,192,3,635.5,189.64,16,99.47,1119.1,298.5,15.5,1095.9,1085,BMS-11.0.8
BAT-00602,NMC811,180,3,660.6,206.98,14,104.44,1483.8,209.3,15.7,1498.0,1199,BMS-6.8.3
BAT-00603,LMFP,144,2,476.6,84.08,10,88.20,362.7,98.6,12.2,504.1,454,BMS-9.5.13
BAT-00604,NMC622,96,2,349.4,73.74,18,105.51,491.4,121.7,23.0,485.4,404,BMS-8.5.16
BAT-00605,LMFP,96,2,317.8,34.70,16,54.60,202.7,44.7,9.9,245.5,206,BMS-10.0.13
BAT-00606,NMC622,112,2,407.7,58.21,10,71.39,363.2,79.8,15.7,356.4,417,BMS-10.3.7
BAT-00607,NMC811,96,8,352.3,305.11,10,108.25,1759.1,340.6,11.0,1672.1,1927,BMS-10.0.14
BAT-00608,NMC811,96,6,352.3,130.38,14,61.68,802.0,140.2,14.4,989.7,914,BMS-10.8.7
BAT-00609,LMFP,180,8,595.8,551.11,14,115.62,3908.6,825.5,21.8,3322.0,3132,BMS-7.8.19
BAT-00610,LFP,192,6,618.2,271.54,12,73.20,2012.0,366.7,18.4,1565.6,1675,BMS-7.6.17
BAT-00611,NMC622,108,6,393.1,173.40,16,73.51,797.9,299.8,23.8,1170.3,1003,BMS-10.5.5
BAT-00612,LFP,108,5,347.8,165.58,10,95.23,1171.7,240.5,21.9,940.3,876,BMS-10.4.2
BAT-00613,NMC622,112,4,407.7,87.25,8,53.50,475.1,131.7,16.5,540.5,454,BMS-8.0.18
BAT-00614,NMC811,120,4,440.4,93.25,12,52.93,612.8,135.1,10.4,549.2,598,BMS-10.5.10
BAT-00615,NMC811,96,5,352.3,204.69,18,116.20,1549.3,284.5,11.6,1188.6,1254,BMS-9.7.9
BAT-00616,NMC811,112,2,411.0,44.10,10,53.65,293.8,80.6,23.5,300.0,317,BMS-8.8.16
BAT-00617,LMFP,192,8,635.5,336.65,12,66.22,2196.1,689.9,12.7,2352.2,2058,BMS-8.2.0
BAT-00618,LFP,120,4,386.4,117.23,8,75.84,691.8,175.0,15.0,673.6,819,BMS-6.7.5
BAT-00619,LMFP,180,6,595.8,314.73,14,88.04,2204.9,377.3,16.2,1743.9,1716,BMS-6.2.11
BAT-00620,LFP,120,4,386.4,98.55,10,63.76,525.6,192.5,14.0,699.2,573,BMS-6.0.11
BAT-00621,LFP,192,8,618.2,361.16,8,73.02,2360.0,377.3,11.9,2095.2,2426,BMS-8.4.9
BAT-00622,NMC622,108,3,393.1,109.95,14,93.23,671.1,151.8,10.2,823.6,656,BMS-9.3.1
BAT-00623,NMC622,112,5,407.7,135.26,16,66.36,854.6,188.1,12.8,1023.5,720,BMS-7.2.2
BAT-00624,NMC811,120,4,440.4,199.84,10,113.44,1478.3,303.1,18.7,1252.5,1362,BMS-7.2.19
BAT-00625,NMC622,144,5,524.2,139.95,16,53.40,593.4,225.9,23.7,929.7,878,BMS-8.0.19
BAT-00626,LMFP,120,4,397.2,118.85,8,74.80,865.3,135.1,18.7,795.9,860,BMS-7.4.7
BAT-00627,LMFP,192,6,635.5,415.74,16,109.03,2471.3,620.1,12.3,2287.1,2272,BMS-9.6.19
BAT-00628,NMC811,120,8,440.4,371.88,8,105.55,1756.4,471.1,9.7,2103.3,2434,BMS-10.1.15
BAT-00629,NMC622,144,8,524.2,381.80,8,91.05,2027.5,443.3,14.7,2113.6,2539,BMS-8.0.5
BAT-00630,NMC622,192,8,698.9,602.59,10,107.78,2765.5,1118.9,12.2,4111.0,3993,BMS-7.7.18
BAT-00631,LFP,96,2,309.1,63.04,10,101.97,447.5,87.1,13.5,440.6,333,BMS-11.8.11
BAT-00632,NMC811,192,3,704.6,209.98,12,99.33,1211.6,387.6,20.7,1286.3,1115,BMS-9.6.1
BAT-00633,LMFP,192,6,635.5,272.20,18,71.39,1857.3,280.4,19.4,1827.2,1446,BMS-6.2.4
BAT-00634,LFP,112,5,360.6,192.90,16,106.98,953.8,232.2,10.7,1385.6,1031,BMS-7.5.6
BAT-00635,NMC622,108,6,393.1,204.57,12,86.73,1199.8,391.4,12.9,1415.7,1219,BMS-6.0.18
BAT-00636,LFP,96,3,309.1,63.05,18,67.99,425.6,72.2,15.9,430.5,459,BMS-8.1.4
BAT-00637,NMC811,96,6,352.3,165.77,12,78.42,999.0,253.4,17.6,1245.0,1133,BMS-10.1.2
BAT-00638,LFP,144,4,463.7,103.84,10,55.99,506.0,140.1,23.0,574.6,744,BMS-11.2.6
BAT-00639,LMFP,144,2,476.6,89.53,10,93.92,647.1,145.3,14.9,669.0,626,BMS-11.5.13
BAT-00640,LMFP,120,6,397.2,167.18,8,70.15,868.2,221.4,10.8,1046.3,1088,BMS-9.3.14
BAT-00641,NMC811,144,3,528.5,165.13,10,104.15,841.0,253.6,11.8,1051.0,942,BMS-11.2.7
BAT-00642,NMC811,112,5,411.0,228.48,10,111.17,1439.0,457.1,12.6,1318.2,1426,BMS-8.1.6
BAT-00643,NMC622,192,2,698.9,160.35,10,114.72,767.9,283.3,17.5,1189.9,1015,BMS-11.5.0
BAT-00644,NMC622,192,2,698.9,100.61,16,71.98,659.6,178.6,9.9,643.7,566,BMS-8.0.13
BAT-00645,LFP,180,8,579.6,546.59,10,117.88,3399.5,1076.7,16.6,3910.5,2991,BMS-10.8.19
BAT-00646,NMC811,120,2,440.4,84.58,16,96.03,364.8,162.0,12.3,480.8,459,BMS-10.6.19
BAT-00647,NMC811,192,4,704.6,182.67,16,64.81,975.8,338.8,18.1,1254.8,1234,BMS-6.3.14
BAT-00648,LMFP,192,8,635.5,354.66,18,69.76,2016.8,646.7,10.6,2552.8,2525,BMS-9.3.0
BAT-00649,NMC811,96,3,352.3,55.68,14,52.68,345.0,64.4,9.8,365.8,360,BMS-7.8.5
BAT-00650,NMC811,180,2,660.6,88.71,18,67.15,591.8,145.4,10.8,502.9,547,BMS-8.5.0
BAT-00651,LMFP,120,3,397.2,66.13,12,55.50,330.5,125.4,21.0,376.2,405,BMS-8.4.17
BAT-00652,LMFP,108,3,357.5,104.66,8,97.59,445.9,139.7,17.7,723.1,579,BMS-8.4.0
BAT-00653,NMC811,192,5,704.6,375.68,12,106.63,2288.6,586.2,19.3,2077.7,2374,BMS-7.3.2
BAT-00654,LFP,108,5,347.8,153.42,12,88.23,909.0,159.3,12.1,1157.4,813,BMS-8.8.0
BAT-00655,NMC622,144,6,524.2,200.57,14,63.77,1180.8,378.6,21.3,1228.3,1328,BMS-6.8.13
BAT-00656,NMC622,112,8,407.7,228.14,16,69.95,1004.0,405.0,22.2,1585.4,1674,BMS-7.7.15
BAT-00657,LMFP,96,4,317.8,130.62,10,102.77,784.5,243.4,17.7,791.4,718,BMS-7.1.10
BAT-00658,NMC811,108,3,396.4,89.13,14,74.95,528.2,100.3,14.0,576.9,492,BMS-11.3.0
BAT-00659,LFP,112,3,360.6,69.29,12,64.04,396.1,95.0,20.2,430.3,434,BMS-9.2.6
BAT-00660,NMC811,96,6,352.3,242.32,10,114.63,1204.5,263.0,21.0,1773.7,1696,BMS-6.1.14
BAT-00661,NMC622,112,5,407.7,141.77,14,69.55,655.7,167.3,22.2,1039.4,863,BMS-9.4.15
BAT-00662,NMC811,112,4,411.0,156.73,12,95.33,1046.4,258.4,13.5,1146.1,1021,BMS-11.3.7
BAT-00663,LFP,108,6,347.8,162.02,14,77.65,910.4,267.1,18.0,1096.4,997,BMS-9.4.9
BAT-00664,LFP,108,5,347.8,132.35,12,76.12,566.7,254.7,15.7,767.3,779,BMS-8.7.13
BAT-00665,LMFP,180,8,595.8,259.87,12,54.52,1184.8,360.4,16.6,1727.9,1775,BMS-6.6.13
BAT-00666,LMFP,108,4,357.5,144.29,12,100.91,920.9,264.0,18.6,795.3,943,BMS-7.7.12
BAT-00667,NMC811,108,8,396.4,322.91,12,101.84,1454.7,654.3,14.8,2405.9,1741,BMS-8.0.6
BAT-00668,NMC622,108,4,393.1,100.70,12,64.04,709.4,185.2,19.0,692.3,591,BMS-7.5.7
BAT-00669,NMC811,120,3,440.4,143.75,14,108.80,963.8,210.2,23.7,808.6,1043,BMS-10.7.1
BAT-00670,LMFP,180,4,595.8,244.95,8,102.78,1537.4,460.0,11.9,1570.7,1574,BMS-9.8.15
BAT-00671,LMFP,192,8,635.5,459.09,8,90.30,2280.1,530.4,22.0,3170.0,2454,BMS-8.0.6
BAT-00672,NMC622,180,6,655.2,316.54,18,80.52,2339.7,408.7,20.6,1946.3,1729,BMS-8.2.18
BAT-00673,LFP,180,5,579.6,169.53,18,58.50,1013.3,278.3,12.5,996.9,1061,BMS-7.6.17
BAT-00674,LMFP,180,2,595.8,76.90,10,64.53,521.8,117.6,23.1,500.9,513,BMS-7.7.19
BAT-00675,LFP,180,3,579.6,130.05,14,74.79,916.2,147.2,11.2,984.9,773,BMS-6.2.16
BAT-00676,NMC622,96,6,349.4,205.35,14,97.94,1187.4,353.0,14.2,1245.4,1163,BMS-7.7.0
BAT-00677,NMC622,96,8,349.4,187.92,8,67.22,830.8,224.0,18.0,1119.0,1154,BMS-9.5.7
BAT-00678,NMC622,96,5,349.4,154.37,12,88.35,661.4,267.4,13.2,899.3,1099,BMS-6.2.17
BAT-00679,LFP,108,2,347.8,68.48,16,98.46,345.0,108.5,22.1,466.1,412,BMS-6.0.0
BAT-00680,LMFP,192,3,635.5,179.46,16,94.13,974.4,212.1,19.5,1216.4,1195,BMS-8.0.1
BAT-00681,LMFP,96,5,317.8,120.82,8,76.05,588.4,203.1,19.8,703.3,637,BMS-11.2.3
BAT-00682,LFP,180,5,579.6,317.22,10,109.46,1939.1,351.7,16.5,2264.1,1762,BMS-6.5.9
BAT-00683,NMC622,144,4,524.2,181.81,14,86.71,1197.5,381.7,18.2,1009.8,1089,BMS-11.2.11
BAT-00684,LMFP,120,6,397.2,229.71,10,96.39,1193.6,469.9,20.1,1278.4,1589,BMS-11.8.2
BAT-00685,LMFP,192,3,635.5,181.57,16,95.23,882.4,297.4,10.4,1045.8,1275,BMS-11.5.7
BAT-00686,LMFP,120,5,397.2,197.03,16,99.21,989.5,197.5,23.9,1395.0,1203,BMS-10.0.2
BAT-00687,LFP,120,5,386.4,218.62,12,113.16,1255.9,223.7,10.9,1192.6,1409,BMS-10.0.12
BAT-00688,LFP,96,6,309.1,131.71,18,71.01,633.4,185.0,10.2,798.0,762,BMS-8.3.13
BAT-00689,NMC622,144,4,524.2,174.74,16,83.35,753.4,240.2,20.7,1046.0,1197,BMS-7.8.8
BAT-00690,LMFP,120,4,397.2,95.13,8,59.88,682.1,124.8,13.8,630.6,696,BMS-6.8.0
BAT-00691,NMC811,192,6,704.6,332.19,14,78.57,2183.5,684.3,19.2,2056.5,2043,BMS-9.0.15
BAT-00692,NMC622,144,5,524.2,255.57,14,97.52,1557.8,449.2,14.0,1483.5,1592,BMS-6.2.6
BAT-00693,NMC811,192,3,704.6,175.92,10,83.22,1222.4,229.0,19.9,1196.1,1225,BMS-8.1.14
BAT-00694,LFP,96,4,309.1,125.80,8,101.74,694.3,154.5,11.8,906.0,674,BMS-6.6.10
BAT-00695,LFP,112,3,360.6,80.20,12,74.13,586.2,111.7,16.2,505.9,472,BMS-11.2.5
BAT-00696,NMC811,112,8,411.0,248.37,12,75.53,1342.5,331.8,23.6,1809.1,1633,BMS-6.7.11
BAT-00697,NMC622,108,8,393.1,329.29,12,104.70,2334.9,540.8,18.0,2351.3,1730,BMS-11.4.12
BAT-00698,NMC622,192,4,698.9,225.39,14,80.63,1654.1,245.0,12.5,1433.3,1306,BMS-8.0.12
BAT-00699,NMC622,192,8,698.9,298.43,8,53.38,1842.0,619.4,17.2,1761.3,1597,BMS-7.8.7
BAT-00700,NMC622,112,3,407.7,125.31,10,102.46,724.6,224.2,13.3,949.6,774,BMS-10.5.14
BAT-00701,LFP,144,2,463.7,82.50,16,88.96,400.9,85.5,16.8,478.9,570,BMS-6.6.14
BAT-00702,NMC811,144,3,528.5,159.27,16,100.46,1036.6,230.5,22.6,1015.8,855,BMS-10.8.16
BAT-00703,LMFP,96,3,317.8,89.96,14,94.37,621.2,179.3,10.0,516.9,598,BMS-8.5.19
BAT-00704,LMFP,120,3,397.2,140.56,12,117.96,900.7,220.3,20.1,982.4,1027,BMS-7.7.6
BAT-00705,NMC622,192,2,698.9,137.09,8,98.08,999.1,241.8,22.4,1036.5,749,BMS-11.2.6
BAT-00706,LMFP,144,4,476.6,207.14,18,108.65,1181.4,318.9,11.2,1552.7,1402,BMS-9.5.17
BAT-00707,NMC811,112,3,411.0,94.99,18,77.04,428.2,195.7,21.4,609.7,515,BMS-7.3.9
BAT-00708,LFP,192,4,618.2,185.92,14,75.18,1356.7,200.8,22.7,1055.9,1143,BMS-11.7.13
BAT-00709,NMC811,108,8,396.4,296.14,12,93.39,2245.0,299.5,14.0,1644.7,1926,BMS-11.6.7
BAT-00710,NMC811,112,8,411.0,265.64,12,80.78,1919.7,373.6,17.0,1448.6,1831,BMS-10.4.12
BAT-00711,LMFP,112,6,370.7,195.73,16,87.99,1303.8,261.2,14.2,1320.1,1201,BMS-10.2.14
BAT-00712,LFP,108,2,347.8,36.72,16,52.80,183.4,66.6,18.0,254.3,229,BMS-11.2.8
BAT-00713,NMC622,108,6,393.1,250.05,12,106.01,1840.9,421.1,15.3,1602.5,1520,BMS-8.7.2
BAT-00714,NMC622,192,3,698.9,214.92,14,102.51,989.9,378.4,12.0,1233.8,1412,BMS-11.7.17
BAT-00715,NMC622,144,4,524.2,148.40,8,70.78,832.7,228.9,23.3,894.5,859,BMS-6.6.8
BAT-00716,LFP,180,4,579.6,200.57,10,86.51,1384.8,336.3,23.3,1111.2,1088,BMS-10.1.15
BAT-00717,NMC622,96,5,349.4,150.62,12,86.20,895.5,292.6,12.3,1033.7,1010,BMS-8.5.17
BAT-00718,NMC811,180,3,660.6,183.84,14,92.77,1328.3,344.5,20.4,1069.8,1145,BMS-7.7.8
BAT-00719,NMC811,108,6,396.4,205.88,18,86.57,1094.6,307.3,15.0,1456.7,1241,BMS-7.0.12
BAT-00720,LMFP,120,5,397.2,218.87,12,110.21,1012.8,233.6,21.4,1520.9,1373,BMS-8.8.16
BAT-00721,LMFP,192,3,635.5,101.75,8,53.37,433.5,176.6,16.5,702.6,543,BMS-9.3.19
BAT-00722,NMC622,180,4,655.2,305.64,10,116.62,1591.6,348.1,19.8,2073.9,1962,BMS-7.6.5
BAT-00723,LFP,108,3,347.8,99.16,8,95.04,603.6,165.6,13.8,624.6,673,BMS-6.1.10
BAT-00724,LMFP,192,6,635.5,286.56,10,75.15,1391.2,545.9,20.0,1958.1,2022,BMS-7.0.17
BAT-00725,NMC811,120,2,440.4,64.68,18,73.43,273.3,115.4,18.2,396.4,469,BMS-9.7.16
BAT-00726,LFP,192,3,618.2,148.96,14,80.32,740.1,206.1,12.7,945.2,853,BMS-11.7.4
BAT-00727,NMC811,96,6,352.3,157.52,12,74.52,802.8,259.5,13.8,1186.7,1037,BMS-7.3.3
BAT-00728,LFP,180,3,579.6,102.66,18,59.04,532.3,206.3,14.8,598.4,548,BMS-9.0.14
BAT-00729,LFP,120,8,386.4,360.94,10,116.76,2439.5,750.4,23.5,2677.7,2293,BMS-10.7.9
BAT-00730,NMC622,144,5,524.2,251.66,8,96.03,1553.5,277.1,14.7,1530.3,1619,BMS-11.2.1
BAT-00731,LMFP,192,3,635.5,109.50,8,57.43,698.4,171.4,11.1,733.1,780,BMS-6.8.18
BAT-00732,NMC622,120,2,436.8,98.37,14,112.60,712.9,130.9,18.8,696.1,521,BMS-7.0.6
BAT-00733,LMFP,108,6,357.5,243.30,10,113.43,1448.2,451.3,10.2,1485.9,1391,BMS-9.1.13
BAT-00734,NMC622,192,3,698.9,141.00,18,67.25,1060.2,168.1,14.2,989.1,765,BMS-11.7.7
BAT-00735,NMC622,108,4,393.1,141.11,10,89.74,799.9,256.4,19.5,937.8,952,BMS-11.4.6
BAT-00736,NMC811,96,5,352.3,139.94,18,79.44,955.1,222.3,22.9,933.4,781,BMS-10.6.19
BAT-00737,NMC622,120,4,436.8,133.50,10,76.41,851.4,152.1,20.9,749.4,847,BMS-11.2.9
BAT-00738,NMC622,180,8,655.2,612.38,14,116.83,3567.1,816.5,14.0,4058.3,4349,BMS-7.7.10
BAT-00739,NMC811,144,5,528.5,293.01,16,110.89,1360.7,465.6,21.1,2106.9,2106,BMS-9.0.9
BAT-00740,NMC811,112,4,411.0,92.55,16,56.29,440.8,172.7,15.6,546.0,680,BMS-6.8.8
BAT-00741,LMFP,180,8,595.8,304.13,18,63.81,1894.0,477.0,17.8,2208.6,2060,BMS-10.2.11
BAT-00742,NMC811,144,8,528.5,369.42,10,87.38,2285.6,632.0,21.8,2197.3,2447,BMS-8.8.14
BAT-00743,NMC811,120,5,440.4,239.02,14,108.55,1517.3,456.0,11.8,1663.6,1705,BMS-6.7.8
BAT-00744,NMC811,180,4,660.6,140.49,18,53.17,1020.2,163.1,16.1,989.5,1020,BMS-8.4.17
BAT-00745,LFP,96,4,309.1,98.12,12,79.35,462.0,153.0,13.6,671.7,681,BMS-8.8.6
BAT-00746,NMC811,192,5,704.6,209.98,10,59.60,1429.8,315.9,10.2,1407.7,1244,BMS-10.0.3
BAT-00747,NMC811,144,5,528.5,297.41,10,112.55,1341.7,533.2,21.3,1982.8,1693,BMS-9.6.16
BAT-00748,NMC622,112,8,407.7,173.54,12,53.21,1211.5,266.5,13.0,1108.5,979,BMS-10.2.1
BAT-00749,LFP,192,2,618.2,84.55,12,68.38,394.2,116.5,18.3,537.9,588,BMS-10.2.16
BAT-00750,NMC811,108,2,396.4,67.80,18,85.53,461.7,75.0,9.8,438.1,378,BMS-6.5.2
BAT-00751,LMFP,180,6,595.8,271.48,16,75.94,1789.2,470.2,21.6,1481.3,1682,BMS-11.6.2
BAT-00752,NMC811,180,6,660.6,238.97,10,60.29,1805.5,297.1,19.6,1579.2,1392,BMS-11.4.18
BAT-00753,NMC811,180,5,660.6,348.75,14,105.59,1547.1,677.9,12.5,2597.6,2144,BMS-11.3.10
BAT-00754,NMC622,180,6,655.2,359.88,8,91.55,2154.8,528.2,21.6,2721.0,2214,BMS-6.6.0
BAT-00755,NMC811,192,8,704.6,505.07,8,89.60,3033.9,620.6,15.3,3336.2,3324,BMS-9.6.17
BAT-00756,LMFP,112,6,370.7,219.38,12,98.63,1506.1,383.9,18.8,1548.2,1240,BMS-6.2.10
BAT-00757,LMFP,96,2,317.8,36.38,16,57.25,224.4,75.9,17.6,219.2,197,BMS-11.1.4
BAT-00758,LMFP,120,5,397.2,120.15,16,60.50,727.1,151.3,21.2,900.5,746,BMS-7.7.6
BAT-00759,NMC811,180,4,660.6,207.46,10,78.51,1067.0,329.4,17.1,1499.2,1494,BMS-6.4.14
BAT-00760,NMC622,96,2,349.4,43.26,14,61.90,321.9,66.8,18.9,245.9,302,BMS-9.0.11
BAT-00761,LMFP,96,8,317.8,134.72,10,53.00,801.4,225.5,17.8,770.9,881,BMS-8.3.9
BAT-00762,NMC811,192,2,704.6,160.93,10,114.19,1081.0,264.4,11.4,1043.7,858,BMS-8.3.15
BAT-00763,NMC622,96,2,349.4,59.58,10,85.26,327.3,72.7,20.7,344.7,319,BMS-10.5.8
BAT-00764,LMFP,180,3,595.8,133.28,8,74.57,802.8,255.5,19.2,860.1,925,BMS-11.1.0
BAT-00765,NMC622,180,5,655.2,227.47,12,69.44,1618.2,378.3,17.1,1533.5,1526,BMS-10.2.5
BAT-00766,LMFP,96,2,317.8,36.39,16,57.26,203.3,71.1,18.7,247.1,249,BMS-10.8.11
BAT-00767,LFP,144,4,463.7,209.90,8,113.17,1148.4,312.8,21.4,1500.8,1260,BMS-9.5.19
BAT-00768,LMFP,120,6,397.2,257.04,12,107.85,1204.8,314.2,21.1,1657.2,1874,BMS-7.3.7
BAT-00769,LMFP,192,8,635.5,505.14,18,99.36,3242.2,901.7,11.1,3133.3,3470,BMS-9.6.17
BAT-00770,NMC622,96,2,349.4,58.17,18,83.23,245.7,74.8,16.1,390.6,423,BMS-10.5.3
BAT-00771,LFP,96,5,309.1,121.04,14,78.32,907.0,144.0,18.2,864.5,640,BMS-6.4.16
BAT-00772,LMFP,112,2,370.7,75.77,10,102.19,512.8,111.9,19.5,536.0,472,BMS-8.5.5
BAT-00773,LMFP,180,5,595.8,322.31,14,108.19,2025.6,595.2,11.5,2270.1,2367,BMS-6.8.18
BAT-00774,NMC622,112,5,407.7,115.86,14,56.84,751.9,131.7,22.5,636.6,822,BMS-10.5.9
BAT-00775,LMFP,180,4,595.8,194.20,8,81.49,944.3,371.0,15.7,1360.6,1250,BMS-9.1.1
BAT-00776,NMC622,192,8,698.9,609.08,12,108.94,3460.0,1187.6,20.4,4423.8,4206,BMS-7.8.4
BAT-00777,LMFP,108,5,357.5,107.33,12,60.05,704.0,201.5,23.7,763.1,672,BMS-10.6.13
BAT-00778,NMC622,180,5,655.2,325.70,16,99.42,2280.2,558.4,12.4,1906.8,2247,BMS-7.6.18
BAT-00779,NMC622,144,6,524.2,333.76,8,106.12,2078.5,388.0,18.6,2413.2,2238,BMS-11.2.8
BAT-00780,LFP,112,6,360.6,117.36,8,54.24,538.9,134.1,21.3,754.0,757,BMS-10.4.17
BAT-00781,NMC811,180,2,660.6,138.76,18,105.03,986.8,207.5,16.7,816.4,797,BMS-7.6.13
BAT-00782,LFP,112,2,360.6,85.05,16,117.92,396.5,168.6,12.2,604.7,543,BMS-7.6.18
BAT-00783,LMFP,96,3,317.8,75.14,8,78.83,554.9,140.0,20.3,411.7,467,BMS-9.8.10
BAT-00784,LMFP,112,2,370.7,51.15,14,68.99,360.8,63.5,17.1,289.2,293,BMS-9.1.19
BAT-00785,NMC811,120,8,440.4,230.35,18,65.38,998.7,478.1,12.0,1313.2,1580,BMS-10.3.11
BAT-00786,NMC622,120,6,436.8,192.75,18,73.55,1256.4,249.4,14.6,1178.9,1154,BMS-9.2.15
BAT-00787,NMC622,180,3,655.2,156.71,18,79.73,669.8,313.2,14.2,926.3,929,BMS-7.8.3
BAT-00788,NMC811,144,8,528.5,287.04,10,67.89,1941.8,539.5,14.2,1777.4,1589,BMS-8.1.11
BAT-00789,LMFP,108,4,357.5,101.47,10,70.96,630.4,133.0,20.3,549.5,722,BMS-8.4.11
BAT-00790,LMFP,96,4,317.8,100.64,14,79.18,637.9,106.1,11.7,702.4,615,BMS-8.1.7
BAT-00791,LFP,144,4,463.7,177.57,16,95.74,948.5,296.2,13.2,1257.6,1122,BMS-11.1.8
BAT-00792,LMFP,144,4,476.6,208.76,14,109.50,1364.3,267.7,22.8,1422.0,1336,BMS-8.7.6
BAT-00793,NMC811,192,4,704.6,283.66,18,100.64,1651.5,480.0,13.3,1541.9,1816,BMS-10.4.2
BAT-00794,NMC811,180,3,660.6,190.19,10,95.97,1180.9,300.2,22.4,1267.6,1400,BMS-8.7.1
BAT-00795,NMC622,96,2,349.4,45.88,16,65.65,220.3,81.9,22.7,265.9,271,BMS-6.8.0
BAT-00796,NMC811,192,8,704.6,495.18,10,87.84,2937.1,509.0,22.7,3058.1,2664,BMS-8.0.2
BAT-00797,NMC811,112,2,411.0,54.57,8,66.38,253.3,73.9,16.6,311.9,299,BMS-8.6.14
BAT-00798,LFP,120,8,386.4,353.06,14,114.21,2164.2,362.8,22.2,2511.6,2257,BMS-8.6.3
BAT-00799,NMC622,192,5,698.9,213.48,16,61.09,1062.6,378.7,19.1,1320.0,1439,BMS-10.1.9
BAT-00800,NMC622,180,2,655.2,93.83,14,71.61,462.8,121.0,22.3,618.8,622,BMS-6.2.19
BAT-00801,LMFP,180,4,595.8,234.27,10,98.30,1168.2,484.8,10.7,1691.5,1584,BMS-10.4.7
BAT-00802,NMC622,144,5,524.2,168.59,8,64.33,834.1,196.9,9.7,1243.5,991,BMS-10.7.8
BAT-00803,NMC622,144,2,524.2,97.46,12,92.96,595.6,113.2,13.4,576.6,589,BMS-6.7.14
BAT-00804,LFP,180,8,579.6,296.46,18,63.94,1998.0,508.8,19.3,2180.2,1825,BMS-6.1.5
BAT-00805,NMC811,192,3,704.6,203.48,8,96.26,923.8,371.4,21.5,1324.0,1320,BMS-8.5.18
BAT-00806,LFP,180,3,579.6,146.41,18,84.20,650.9,179.2,23.1,909.5,1070,BMS-7.0.4
BAT-00807,NMC622,96,4,349.4,82.41,10,58.96,601.7,164.6,20.1,597.6,463,BMS-7.7.13
BAT-00808,NMC811,192,8,704.6,625.65,18,110.99,2974.7,787.6,11.7,4433.6,3504,BMS-8.0.6
BAT-00809,LFP,112,6,360.6,247.74,8,114.49,1333.9,365.8,13.1,1565.8,1750,BMS-11.1.6
BAT-00810,LMFP,180,2,595.8,135.43,14,113.65,731.5,252.8,10.7,927.2,894,BMS-8.5.17
BAT-00811,LFP,120,6,386.4,182.38,14,78.67,1068.7,206.1,17.9,1029.6,1310,BMS-7.5.17
BAT-00812,NMC622,96,6,349.4,224.30,12,106.98,1311.9,276.2,9.8,1661.5,1214,BMS-7.4.10
BAT-00813,NMC811,120,4,440.4,175.33,12,99.53,813.6,315.6,19.5,1038.9,1218,BMS-9.7.5
BAT-00814,LMFP,108,3,357.5,84.93,12,79.19,422.1,170.6,14.3,503.0,591,BMS-9.7.16
BAT-00815,LMFP,120,4,397.2,104.43,18,65.73,627.6,122.0,22.3,746.1,742,BMS-7.3.19
BAT-00816,LMFP,112,3,370.7,121.64,12,109.38,772.3,228.2,15.1,698.2,744,BMS-10.7.11
BAT-00817,NMC811,112,5,411.0,119.25,14,58.02,842.7,152.2,14.5,797.2,664,BMS-11.4.6
BAT-00818,LFP,180,2,579.6,125.03,8,107.86,562.8,155.6,23.1,878.5,725,BMS-8.3.13
BAT-00819,LMFP,112,4,370.7,141.66,12,95.53,1049.5,205.0,17.4,844.0,1002,BMS-8.7.19
BAT-00820,NMC622,108,5,393.1,189.23,18,96.27,810.5,297.4,12.4,1297.1,1231,BMS-7.3.4
BAT-00821,LMFP,144,8,476.6,315.64,10,82.78,2202.4,487.7,12.2,1952.1,2321,BMS-6.3.19
BAT-00822,NMC622,180,4,655.2,264.21,10,100.81,1956.1,312.1,11.3,1992.0,1723,BMS-6.7.7
BAT-00823,LMFP,144,2,476.6,96.22,14,100.94,539.8,97.7,19.6,576.5,556,BMS-10.2.18
BAT-00824,NMC811,108,5,396.4,203.04,8,102.45,1198.5,390.8,18.3,1382.8,1165,BMS-10.5.18
BAT-00825,LFP,112,2,360.6,47.33,12,65.62,259.2,90.7,19.0,340.8,317,BMS-9.5.17
BAT-00826,LFP,192,5,618.2,359.65,18,116.35,2231.0,603.0,14.4,2476.7,2255,BMS-8.3.2
BAT-00827,NMC622,108,8,393.1,271.90,16,86.45,1943.8,345.9,11.8,2055.4,1931,BMS-9.3.19
BAT-00828,LMFP,192,3,635.5,108.11,18,56.70,805.3,110.4,20.6,691.3,620,BMS-6.5.5
BAT-00829,NMC811,112,5,411.0,192.38,18,93.61,942.1,375.6,20.8,1453.8,1223,BMS-10.6.8
BAT-00830,NMC811,96,4,352.3,118.12,12,83.82,856.8,247.5,22.5,713.7,800,BMS-7.2.5
BAT-00831,LMFP,108,4,357.5,99.61,10,69.66,656.0,135.5,16.7,564.0,682,BMS-8.2.12
BAT-00832,LMFP,112,4,370.7,134.93,8,90.99,801.3,224.3,13.9,899.4,833,BMS-6.0.9
BAT-00833,LFP,96,6,309.1,138.32,8,74.58,592.6,160.0,20.7,887.4,865,BMS-8.3.3
BAT-00834,LFP,108,2,347.8,37.83,10,54.39,235.4,50.0,9.6,268.8,234,BMS-6.7.1
BAT-00835,NMC622,144,5,524.2,167.20,14,63.80,1160.0,338.3,21.3,1175.6,1023,BMS-11.3.4
BAT-00836,LMFP,108,8,357.5,188.22,16,65.82,1086.8,378.2,9.9,1089.7,1262,BMS-7.3.13
BAT-00837,NMC622,192,6,698.9,401.95,8,95.85,1750.2,749.1,17.4,2677.4,2926,BMS-7.3.6
BAT-00838,LMFP,120,6,397.2,246.25,8,103.33,1289.6,417.9,22.2,1579.2,1293,BMS-8.1.13
BAT-00839,NMC811,120,8,440.4,372.42,14,105.71,2384.3,375.2,16.6,2351.9,2603,BMS-9.8.8
BAT-00840,LMFP,112,2,370.7,71.78,12,96.81,455.0,84.8,18.8,511.5,380,BMS-9.0.4
BAT-00841,NMC622,144,4,524.2,126.31,10,60.25,595.3,217.1,21.0,864.4,879,BMS-9.5.11
BAT-00842,NMC811,120,5,440.4,171.68,16,77.97,992.3,312.2,17.4,1095.7,954,BMS-6.3.8
BAT-00843,LMFP,112,4,370.7,107.27,12,72.34,523.4,136.1,13.6,772.1,765,BMS-6.8.8
BAT-00844,NMC622,180,2,655.2,83.99,12,64.09,596.3,168.6,22.6,577.5,567,BMS-9.2.14
BAT-00845,NMC811,120,2,440.4,63.36,8,71.93,473.0,83.4,13.1,369.0,451,BMS-6.5.17
BAT-00846,NMC622,180,8,655.2,608.03,16,116.00,2836.2,774.6,15.7,3499.1,4196,BMS-10.8.11
BAT-00847,NMC622,96,2,349.4,60.04,8,85.90,427.0,90.4,11.2,384.3,321,BMS-8.8.16
BAT-00848,NMC622,96,8,349.4,304.35,8,108.87,1366.0,408.4,23.7,1687.9,1689,BMS-6.2.10
BAT-00849,LFP,112,2,360.6,42.12,14,58.40,251.3,74.9,22.6,236.0,296,BMS-10.4.12
BAT-00850,NMC622,120,4,436.8,172.81,12,98.91,890.0,279.1,17.6,1172.4,920,BMS-6.7.11
BAT-00851,LFP,192,4,618.2,233.94,16,94.60,1480.5,322.1,15.5,1479.9,1236,BMS-6.4.6
BAT-00852,LMFP,108,4,357.5,129.14,10,90.31,716.4,167.9,14.8,900.4,802,BMS-6.4.4
BAT-00853,NMC622,108,6,393.1,126.91,14,53.80,888.1,157.9,16.0,889.1,762,BMS-8.1.2
BAT-00854,NMC622,108,4,393.1,163.34,16,103.87,1076.0,253.7,17.0,943.8,886,BMS-6.3.8
BAT-00855,LFP,180,3,579.6,179.17,18,103.04,1130.5,324.0,15.1,990.3,1255,BMS-11.8.16
BAT-00856,LMFP,144,2,476.6,105.87,18,111.06,801.1,155.0,15.0,686.6,601,BMS-9.6.18
BAT-00857,NMC622,112,3,407.7,68.99,14,56.41,454.3,74.7,13.9,380.2,386,BMS-8.3.13
BAT-00858,LMFP,180,4,595.8,236.81,8,99.37,1180.5,246.0,16.6,1310.1,1526,BMS-6.5.7
BAT-00859,NMC622,144,4,524.2,168.13,12,80.19,1192.7,345.2,17.5,1191.2,1051,BMS-7.5.3
BAT-00860,NMC622,120,6,436.8,231.16,8,88.20,1284.7,435.3,11.8,1421.1,1503,BMS-8.1.1
BAT-00861,LMFP,96,3,317.8,56.09,10,58.84,417.3,98.0,12.4,354.0,371,BMS-7.8.14
BAT-00862,NMC811,108,3,396.4,72.58,16,61.04,369.9,95.1,14.4,547.8,462,BMS-8.5.15
BAT-00863,LMFP,108,3,357.5,80.44,14,75.01,340.0,117.0,10.5,598.5,441,BMS-7.8.12
BAT-00864,NMC622,180,6,655.2,369.04,10,93.87,2362.9,744.1,16.4,2579.2,2009,BMS-7.1.11
BAT-00865,NMC811,108,8,396.4,300.56,18,94.79,1528.8,358.3,23.2,2109.1,2062,BMS-11.8.8
BAT-00866,LMFP,112,6,370.7,162.56,10,73.08,1010.2,324.2,21.8,1083.2,929,BMS-8.2.3
BAT-00867,NMC811,108,2,396.4,70.56,18,89.01,460.8,79.4,22.2,393.8,508,BMS-9.2.14
BAT-00868,LMFP,108,6,357.5,145.27,16,67.73,683.9,221.0,18.8,1068.5,944,BMS-9.1.12
BAT-00869,LFP,180,6,579.6,251.01,8,72.18,1460.9,305.4,20.0,1694.5,1356,BMS-9.0.2
BAT-00870,LFP,180,8,579.6,268.17,16,57.84,1319.8,393.7,23.1,1831.7,1637,BMS-10.7.11
BAT-00871,NMC811,120,8,440.4,332.58,10,94.40,1498.9,477.1,10.8,2432.4,2352,BMS-10.1.9
BAT-00872,NMC811,180,6,660.6,332.72,18,83.94,1870.1,521.7,14.1,2021.8,1823,BMS-6.3.0
BAT-00873,LMFP,144,3,476.6,109.23,18,76.39,719.7,162.7,23.2,807.4,774,BMS-7.3.1
BAT-00874,NMC811,180,6,660.6,238.08,8,60.07,1672.2,323.3,21.3,1460.1,1360,BMS-6.8.8
BAT-00875,LMFP,180,6,595.8,244.92,10,68.51,1142.6,298.5,15.7,1655.3,1744,BMS-11.6.10
BAT-00876,NMC811,108,3,396.4,115.17,14,96.86,631.6,182.7,15.4,799.4,833,BMS-7.4.15
BAT-00877,NMC622,108,6,393.1,227.45,18,96.43,1686.0,252.4,22.0,1441.8,1502,BMS-9.7.17
BAT-00878,NMC622,96,3,349.4,116.68,14,111.31,798.6,220.0,16.6,765.9,624,BMS-11.2.3
BAT-00879,LFP,192,8,618.2,397.85,10,80.44,1772.1,794.9,10.3,2947.1,2292,BMS-8.6.3
BAT-00880,LMFP,112,6,370.7,169.53,12,76.22,939.4,228.0,16.8,998.3,898,BMS-9.5.19
BAT-00881,NMC622,144,8,524.2,426.39,10,101.68,3050.1,609.6,21.4,2917.9,3014,BMS-8.0.12
BAT-00882,NMC622,192,6,698.9,488.01,16,116.38,2055.4,650.1,12.4,2691.2,2572,BMS-9.4.12
BAT-00883,NMC622,112,6,407.7,269.03,10,109.99,1333.3,289.0,14.8,1704.8,1657,BMS-11.0.1
BAT-00884,LMFP,180,3,595.8,96.11,14,53.77,499.8,99.1,19.0,623.6,635,BMS-7.7.0
BAT-00885,LFP,192,3,618.2,200.04,10,107.86,1475.2,202.3,10.3,1254.9,1097,BMS-7.7.13
BAT-00886,NMC811,144,4,528.5,184.27,14,87.17,1315.4,251.7,18.6,1271.6,1035,BMS-6.2.0
BAT-00887,LMFP,192,2,635.5,134.21,10,105.59,798.9,159.9,16.2,951.2,728,BMS-8.6.10
BAT-00888,LMFP,192,3,635.5,167.93,10,88.08,783.8,320.7,12.0,1196.0,1051,BMS-9.2.1
BAT-00889,NMC622,112,5,407.7,119.32,14,58.54,850.7,146.9,20.8,800.0,648,BMS-8.4.2
BAT-00890,NMC811,120,2,440.4,91.44,18,103.81,562.9,155.0,10.1,652.3,583,BMS-11.7.4
BAT-00891,LMFP,112,2,370.7,64.13,16,86.50,325.6,74.0,17.4,389.8,350,BMS-10.5.2
BAT-00892,LMFP,108,6,357.5,186.58,10,86.99,954.7,264.2,19.0,1138.4,1232,BMS-7.6.5
BAT-00893,NMC811,144,3,528.5,85.51,8,53.93,629.3,96.4,9.5,466.4,448,BMS-11.5.4
BAT-00894,LMFP,180,6,595.8,269.97,10,75.52,1205.9,376.8,21.6,1627.2,1964,BMS-8.6.16
BAT-00895,LMFP,180,3,595.8,100.44,10,56.20,712.8,194.8,21.9,711.4,566,BMS-11.6.3
BAT-00896,NMC622,96,3,349.4,64.53,8,61.55,466.1,75.6,18.2,439.5,386,BMS-11.4.3
BAT-00897,LMFP,144,8,476.6,312.31,12,81.90,1948.7,601.6,19.0,1883.0,1899,BMS-6.0.2
BAT-00898,NMC811,120,5,440.4,222.64,18,101.11,1428.3,316.7,10.5,1381.0,1293,BMS-7.5.10
BAT-00899,LMFP,108,5,357.5,209.10,14,116.99,1049.1,369.3,21.8,1538.0,1270,BMS-10.5.18
BAT-00900,NMC622,96,8,349.4,172.82,10,61.82,821.3,226.4,18.7,1024.0,967,BMS-9.3.9
BAT-00901,LFP,120,5,386.4,184.65,18,95.57,965.5,304.1,10.0,1034.7,990,BMS-7.8.14
BAT-00902,LMFP,144,2,476.6,111.04,10,116.48,471.6,192.6,14.7,736.7,598,BMS-8.5.17
BAT-00903,LMFP,96,6,317.8,149.10,16,78.20,711.7,233.8,19.3,892.6,1072,BMS-6.7.19
BAT-00904,LFP,144,6,463.7,250.79,16,90.14,1559.1,279.0,13.6,1860.2,1745,BMS-10.1.4
BAT-00905,LMFP,180,6,595.8,279.96,14,78.31,1719.2,492.6,19.2,1709.2,1793,BMS-10.2.11
BAT-00906,LMFP,144,2,476.6,86.40,10,90.64,515.1,97.9,19.9,489.6,585,BMS-11.7.8
BAT-00907,NMC811,108,2,396.4,65.83,14,83.05,292.8,128.9,10.0,420.1,370,BMS-7.6.2
BAT-00908,LFP,192,5,618.2,306.50,18,99.15,1729.0,482.1,15.8,1667.7,2069,BMS-7.4.16
BAT-00909,LFP,120,4,386.4,136.74,18,88.47,617.1,256.4,13.2,1007.7,752,BMS-6.0.16
BAT-00910,LMFP,108,8,357.5,193.43,10,67.64,1007.8,212.1,11.6,1091.2,1255,BMS-11.7.4
BAT-00911,NMC622,144,8,524.2,326.78,14,77.93,1518.1,669.2,13.0,1875.8,2088,BMS-11.3.11
BAT-00912,LFP,108,6,347.8,115.22,10,55.22,844.6,171.9,18.5,659.8,612,BMS-10.2.15
BAT-00913,NMC811,108,6,396.4,163.64,10,68.81,1215.6,224.6,11.1,917.2,883,BMS-10.8.14
BAT-00914,NMC622,112,3,407.7,136.73,16,111.79,904.5,188.7,17.4,882.1,790,BMS-6.4.19
BAT-00915,NMC811,96,8,352.3,285.09,14,101.15,1815.2,296.5,20.6,1976.4,1755,BMS-10.7.9
BAT-00916,LMFP,112,2,370.7,52.82,16,71.24,323.1,87.8,19.8,389.2,382,BMS-8.1.19
BAT-00917,NMC622,112,2,407.7,57.89,18,71.00,271.1,112.2,22.3,395.5,321,BMS-11.5.7
BAT-00918,LFP,112,2,360.6,44.47,10,61.66,202.7,82.6,17.2,302.9,257,BMS-6.5.11
BAT-00919,NMC811,180,2,660.6,125.82,16,95.23,552.6,172.1,16.7,707.7,683,BMS-7.4.7
BAT-00920,NMC622,108,2,393.1,72.67,18,92.43,421.6,132.0,19.0,485.1,380,BMS-6.0.3
BAT-00921,NMC811,192,6,704.6,484.87,16,114.69,3445.7,766.2,17.7,3624.3,2719,BMS-10.8.18
BAT-00922,NMC811,120,8,440.4,347.44,8,98.62,2240.5,429.1,9.9,2398.9,1980,BMS-10.5.2
BAT-00923,NMC622,144,5,524.2,212.62,8,81.13,1422.6,351.9,19.4,1540.8,1190,BMS-9.6.17
BAT-00924,LMFP,112,2,370.7,41.67,12,56.20,242.3,49.9,19.0,265.4,289,BMS-10.1.5
BAT-00925,NMC811,192,8,704.6,569.63,8,101.05,2603.8,1040.5,14.2,4079.3,3082,BMS-6.3.10
BAT-00926,LMFP,144,6,476.6,241.42,8,84.42,1421.2,398.1,14.0,1477.8,1507,BMS-8.3.11
BAT-00927,NMC622,96,8,349.4,271.47,14,97.11,1604.9,313.3,10.5,2038.2,1541,BMS-8.4.17
BAT-00928,LFP,192,4,618.2,241.31,12,97.58,1532.4,454.0,10.5,1508.5,1333,BMS-11.0.16
BAT-00929,NMC622,112,2,407.7,78.80,14,96.65,333.6,97.0,20.4,484.4,429,BMS-9.4.14
BAT-00930,NMC811,144,8,528.5,256.57,14,60.68,1425.2,416.5,22.0,1461.7,1496,BMS-8.1.7
BAT-00931,NMC811,144,6,528.5,314.24,12,99.10,1678.6,548.7,17.8,2366.7,2036,BMS-10.2.3
BAT-00932,LMFP,192,5,635.5,219.88,12,69.20,1601.1,373.4,20.1,1368.4,1473,BMS-11.7.7
BAT-00933,NMC622,96,4,349.4,111.83,18,80.01,509.5,119.1,18.5,848.8,720,BMS-6.2.9
BAT-00934,LMFP,144,2,476.6,57.98,8,60.82,292.5,70.8,17.7,318.8,366,BMS-10.2.12
BAT-00935,NMC811,108,6,396.4,146.67,8,61.67,850.4,156.6,11.2,1010.7,1014,BMS-11.2.11
BAT-00936,LMFP,108,4,357.5,161.62,10,113.03,915.7,297.6,19.4,1087.0,1184,BMS-6.6.11
BAT-00937,LFP,192,6,618.2,378.71,16,102.09,1827.0,651.3,23.7,2234.9,2749,BMS-8.8.8
BAT-00938,LFP,144,3,463.7,114.12,18,82.04,513.6,227.4,18.2,829.2,816,BMS-7.4.11
BAT-00939,NMC811,192,5,704.6,232.13,8,65.89,1650.3,478.6,18.7,1515.7,1656,BMS-8.6.10
BAT-00940,LMFP,108,3,357.5,73.11,18,68.17,380.1,77.9,19.3,404.6,516,BMS-9.8.17
BAT-00941,LMFP,192,3,635.5,101.46,8,53.22,630.6,176.3,20.0,598.1,576,BMS-7.8.0
BAT-00942,NMC622,108,4,393.1,144.19,14,91.70,644.9,249.0,19.3,871.7,977,BMS-10.1.9
BAT-00943,NMC811,112,4,411.0,171.66,18,104.40,804.8,193.6,13.8,1134.8,899,BMS-9.1.8
BAT-00944,NMC811,96,3,352.3,80.76,18,76.41,361.5,101.7,19.0,527.8,568,BMS-9.3.17
BAT-00945,NMC622,180,2,655.2,88.20,8,67.31,397.1,155.5,21.7,548.5,609,BMS-10.1.17
BAT-00946,NMC811,96,3,352.3,120.76,14,114.26,583.9,226.9,12.5,831.4,771,BMS-7.0.14
BAT-00947,NMC811,96,8,352.3,279.22,12,99.07,1364.9,456.3,23.5,1995.3,1894,BMS-6.0.2
BAT-00948,LFP,96,2,309.1,37.19,10,60.15,276.7,61.6,22.0,235.0,247,BMS-9.2.10
BAT-00949,LFP,192,2,618.2,68.99,16,55.79,435.5,83.7,11.4,450.9,420,BMS-10.6.14
BAT-00950,NMC622,144,8,524.2,309.63,18,73.84,1984.8,442.2,21.1,2123.9,1660,BMS-7.3.4
BAT-00951,NMC811,120,6,440.4,299.90,14,113.50,1869.0,405.4,22.9,2162.8,1921,BMS-10.2.3
BAT-00952,LMFP,96,4,317.8,144.42,16,113.62,700.1,211.6,18.2,1053.2,1003,BMS-10.3.3
BAT-00953,LMFP,192,3,635.5,101.68,16,53.33,750.4,209.7,17.6,638.0,649,BMS-7.5.6
BAT-00954,LMFP,120,6,397.2,130.90,18,54.93,940.5,131.4,14.2,862.2,889,BMS-10.3.2
BAT-00955,LFP,192,8,618.2,528.51,18,106.86,3573.3,900.2,19.1,3522.3,3130,BMS-9.7.5
BAT-00956,NMC622,192,8,698.9,458.92,16,82.08,2611.2,463.2,12.6,3176.9,2859,BMS-6.8.11
BAT-00957,LFP,108,2,347.8,54.86,14,78.87,337.7,88.9,18.2,318.1,363,BMS-6.8.18
BAT-00958,LFP,120,2,386.4,60.80,12,78.67,273.5,84.2,16.3,352.4,355,BMS-8.2.13
BAT-00959,LMFP,144,5,476.6,243.56,14,102.20,1390.7,354.4,14.3,1458.7,1686,BMS-11.8.17
BAT-00960,NMC622,192,3,698.9,147.62,10,70.41,735.2,155.3,14.4,1020.8,864,BMS-9.7.19
BAT-00961,LFP,192,4,618.2,139.33,14,56.34,806.2,165.2,9.6,1040.8,799,BMS-8.6.7
BAT-00962,NMC811,120,4,440.4,151.68,14,86.10,789.1,234.1,22.8,976.8,951,BMS-11.8.4
BAT-00963,NMC811,180,4,660.6,176.11,16,66.65,1056.4,333.5,23.2,956.2,1112,BMS-9.0.3
BAT-00964,LMFP,192,4,635.5,242.76,16,95.50,1157.3,461.8,14.5,1331.0,1502,BMS-7.4.17
BAT-00965,NMC811,144,5,528.5,273.98,16,103.69,2069.0,561.5,15.9,1870.6,1885,BMS-9.6.11
BAT-00966,LFP,192,3,618.2,158.68,10,85.55,885.1,193.1,18.0,898.3,981,BMS-11.0.1
BAT-00967,LMFP,108,3,357.5,105.12,18,98.02,679.0,172.6,22.4,699.0,702,BMS-11.4.6
BAT-00968,LMFP,192,2,635.5,98.82,14,77.75,563.3,104.3,10.2,741.7,620,BMS-9.4.13
BAT-00969,NMC622,96,5,349.4,130.33,10,74.59,778.5,210.8,16.1,925.3,874,BMS-11.5.0
BAT-00970,LFP,112,8,360.6,223.55,16,77.48,1219.3,251.9,21.7,1301.4,1274,BMS-8.5.5
BAT-00971,LMFP,120,8,397.2,347.41,10,109.33,1922.1,459.2,15.3,2135.9,2238,BMS-8.0.10
BAT-00972,LMFP,120,5,397.2,197.45,14,99.42,1337.8,292.4,18.2,1101.3,1144,BMS-6.4.0
BAT-00973,NMC811,120,8,440.4,334.63,16,94.98,2195.4,510.5,19.5,2404.4,2256,BMS-8.6.6
BAT-00974,NMC622,96,2,349.4,72.17,18,103.26,522.0,99.1,19.9,520.5,510,BMS-10.2.2
BAT-00975,LFP,144,3,463.7,89.61,10,64.42,384.8,160.1,11.1,598.7,608,BMS-7.0.2
BAT-00976,LMFP,120,4,397.2,108.94,10,68.57,721.3,134.7,20.9,792.0,668,BMS-9.3.17
BAT-00977,LFP,112,6,360.6,181.72,16,83.98,823.4,338.0,10.8,1255.2,1173,BMS-9.3.7
BAT-00978,NMC811,192,8,704.6,311.08,10,55.18,1818.7,444.7,14.0,2199.3,2167,BMS-8.2.16
BAT-00979,LMFP,192,2,635.5,72.12,16,56.74,390.5,98.1,14.1,509.8,427,BMS-10.3.18
BAT-00980,NMC811,192,5,704.6,367.01,12,104.17,2110.8,532.3,19.8,2264.3,2646,BMS-8.5.1
BAT-00981,NMC811,144,5,528.5,158.73,18,60.07,945.9,314.4,15.8,900.7,863,BMS-8.0.9
BAT-00982,LMFP,144,4,476.6,215.64,12,113.11,1512.1,306.6,20.4,1228.4,1453,BMS-10.3.18
BAT-00983,LMFP,192,4,635.5,164.93,12,64.88,1024.3,267.1,17.1,1168.5,945,BMS-6.2.7
BAT-00984,LMFP,108,6,357.5,197.59,18,92.12,1341.8,311.7,21.4,1371.9,1136,BMS-8.2.13
BAT-00985,NMC811,144,2,528.5,121.93,12,115.36,747.1,244.2,20.0,723.7,740,BMS-7.7.6
BAT-00986,NMC811,112,2,411.0,51.70,10,62.89,227.7,95.7,11.7,313.4,364,BMS-6.8.12
BAT-00987,LMFP,108,4,357.5,112.00,12,78.33,792.1,208.9,14.4,653.5,647,BMS-6.4.8
BAT-00988,LFP,180,5,579.6,316.45,10,109.20,2015.6,374.5,22.8,2356.7,1868,BMS-7.2.17
BAT-00989,NMC622,120,3,436.8,132.86,8,101.39,837.3,162.1,19.1,1005.1,937,BMS-10.1.11
BAT-00990,LMFP,144,2,476.6,102.77,18,107.81,432.2,111.3,12.3,731.8,678,BMS-6.0.10
BAT-00991,LFP,120,3,386.4,124.19,12,107.13,527.7,250.5,22.0,741.2,684,BMS-10.5.4
BAT-00992,LFP,96,8,309.1,254.52,12,102.92,1411.8,442.0,16.8,1811.5,1766,BMS-9.0.11
BAT-00993,NMC622,108,4,393.1,127.38,16,81.01,841.1,252.8,22.9,750.9,824,BMS-6.2.10
BAT-00994,LMFP,96,5,317.8,118.92,18,74.85,635.0,147.2,14.1,651.3,620,BMS-10.8.8
BAT-00995,LFP,192,5,618.2,361.16,14,116.83,1665.0,590.6,19.2,2608.9,2640,BMS-10.2.6
BAT-00996,LMFP,120,4,397.2,110.79,12,69.73,833.0,212.4,23.7,813.3,704,BMS-10.6.19
BAT-00997,LFP,192,2,618.2,111.77,12,90.39,482.2,187.9,18.5,825.0,750,BMS-11.0.14
BAT-00998,LMFP,180,2,595.8,72.25,18,60.63,422.8,90.7,16.8,454.7,469,BMS-8.0.0
BAT-00999,LFP,144,4,463.7,148.66,14,80.15,844.7,201.6,22.7,1003.2,793,BMS-6.3.8
BAT-01000,NMC811,112,2,411.0,86.02,16,104.64,513.1,124.5,18.3,526.3,505,BMS-7.2.7
