calibration_id,platform_code,engine_family,displacement_l,cylinders,boost_pressure_kpa,peak_power_kw,peak_torque_nm,final_drive_ratio,fuel_map_revision,wltp_co2_g_per_km,thermal_limit_deg_c,ecu_checksum,production_release_date
CAL-00001,PX55,V35H,3.5,6,158.4,600.1,902.5,4.157,FM-8.2,128,122.8,A0E9D6,2026-01-01
CAL-00002,PX57,V35H,3.5,6,116.7,245.8,467.9,3.529,FM-10.7,126,120.9,49A6A0,2024-07-29
CAL-00003,PX55,B18T,1.8,4,170.3,268.1,505.2,4.159,FM-12.1,180,120.5,DF6F76,2025-04-21
CAL-00004,PX48,B18T,1.8,4,92.8,294.7,442.0,4.135,FM-6.8,176,107.9,AAFD71,2024-04-22
CAL-00005,PX95,B20T,2.0,4,88.6,142.4,309.6,3.181,FM-10.7,124,111.8,AA85BB,2025-01-09
CAL-00006,PX45,B20T,2.0,4,167.1,138.8,286.6,3.686,FM-11.8,131,124.6,01190E,2026-04-02
CAL-00007,PX87,V35H,3.5,6,95.9,428.9,667.7,3.009,FM-10.0,138,106.4,C798D2,2025-02-01
CAL-00008,PX94,V50D,5.0,8,176.0,461.4,777.8,3.824,FM-11.3,163,124.4,35852C,2024-09-18
CAL-00009,PX29,B18T,1.8,4,96.1,153.5,337.7,4.153,FM-3.6,170,106.4,66A9C5,2025-12-18
CAL-00010,PX33,V50D,5.0,8,92.4,1057.8,1799.1,4.108,FM-10.0,148,112.4,1B6DF1,2025-04-12
CAL-00011,PX34,B20T,2.0,4,154.3,308.8,562.4,2.986,FM-11.7,192,123.8,0D1C90,2026-07-07
CAL-00012,PX30,V30T,3.0,6,137.4,325.9,560.6,4.248,FM-8.4,118,116.3,907809,2025-07-21
CAL-00013,PX56,V35H,3.5,6,98.0,297.8,453.1,4.214,FM-13.1,131,114.8,1D8974,2025-04-15
CAL-00014,PX90,B18T,1.8,4,157.1,119.4,204.2,4.255,FM-11.8,198,119.9,C2BFF8,2024-11-05
CAL-00015,PX40,V30T,3.0,6,132.7,471.4,914.4,3.607,FM-12.3,178,113.3,90E18A,2024-06-19
CAL-00016,PX30,B18T,1.8,4,81.4,240.4,434.9,3.952,FM-8.4,179,106.9,F8EA7F,2025-06-27
CAL-00017,PX63,V50D,5.0,8,117.3,1137.9,1762.2,3.054,FM-7.1,117,118.8,DE62CD,2025-02-04
CAL-00018,PX52,V35H,3.5,6,130.2,636.8,1192.7,3.044,FM-7.8,122,120.7,33E6BA,2025-06-24
CAL-00019,PX46,V35H,3.5,6,85.3,427.1,783.0,2.972,FM-10.0,146,107.2,FF0F09,2024-11-29
CAL-00020,PX96,V35H,3.5,6,163.1,357.0,773.0,3.813,FM-9.7,155,121.8,E653ED,2026-05-03
CAL-00021,PX92,V50D,5.0,8,116.9,402.7,738.2,3.917,FM-12.2,162,107.1,2C5D59,2025-02-01
CAL-00022,PX80,B18T,1.8,4,158.4,411.6,633.0,3.251,FM-10.7,166,118.7,172750,2026-06-29
CAL-00023,PX98,V35H,3.5,6,176.8,809.8,1214.8,3.844,FM-12.2,107,119.3,E34C1F,2024-10-27
CAL-00024,PX86,B18T,1.8,4,164.0,296.7,583.5,2.881,FM-7.6,168,106.8,743A1B,2025-07-24
CAL-00025,PX30,B20T,2.0,4,178.9,244.5,484.0,3.740,FM-8.7,181,106.8,5DD71B,2025-11-18
CAL-00026,PX54,B20T,2.0,4,135.2,234.4,412.1,3.348,FM-8.0,136,109.7,D5448C,2024-09-17
CAL-00027,PX74,B20T,2.0,4,97.2,237.0,383.1,2.744,FM-10.2,175,119.2,773AD3,2024-09-30
CAL-00028,PX48,V35H,3.5,6,115.4,664.8,1167.5,3.123,FM-11.8,106,122.0,7D5FDE,2026-02-06
CAL-00029,PX25,V30T,3.0,6,135.1,349.3,659.5,3.485,FM-9.4,133,111.6,B0F6F1,2025-07-12
CAL-00030,PX97,V35H,3.5,6,108.2,326.6,740.6,3.854,FM-13.4,87,117.6,57DB43,2024-06-26
CAL-00031,PX61,B20T,2.0,4,178.3,130.4,237.0,2.766,FM-6.1,168,123.0,9D181F,2026-03-30
CAL-00032,PX90,V35H,3.5,6,78.8,337.3,653.3,3.042,FM-5.1,141,122.1,9ED865,2024-03-31
CAL-00033,PX74,V30T,3.0,6,109.6,556.6,936.0,3.799,FM-7.6,146,110.5,674E0B,2026-02-04
CAL-00034,PX44,B18T,1.8,4,115.3,352.3,542.5,2.738,FM-13.0,183,126.9,E94888,2024-12-20
CAL-00035,PX44,V30T,3.0,6,130.0,347.9,739.0,2.906,FM-11.0,107,112.0,CA961A,2025-12-13
CAL-00036,PX90,V35H,3.5,6,162.8,245.3,389.8,3.990,FM-10.7,171,123.9,9A9DC7,2024-11-05
CAL-00037,PX25,V50D,5.0,8,104.5,269.5,565.9,2.855,FM-12.5,232,114.8,AEF77E,2026-05-30
CAL-00038,PX55,B20T,2.0,4,143.2,276.6,502.9,2.863,FM-5.8,133,112.4,83EE20,2025-06-18
CAL-00039,PX67,B20T,2.0,4,145.2,228.9,462.7,3.617,FM-8.5,134,121.3,96E407,2025-06-10
CAL-00040,PX71,B20T,2.0,4,115.0,394.1,599.3,3.559,FM-9.3,140,115.6,3DAAFC,2025-03-15
CAL-00041,PX58,B18T,1.8,4,112.0,222.8,362.0,3.943,FM-8.8,81,105.6,E491DB,2024-12-16
CAL-00042,PX49,V30T,3.0,6,106.2,453.6,862.2,2.801,FM-9.7,121,123.6,D5DF12,2025-05-25
CAL-00043,PX31,V30T,3.0,6,166.3,442.5,673.2,2.877,FM-13.8,175,111.2,AA553A,2026-02-03
CAL-00044,PX36,B18T,1.8,4,129.5,304.1,552.5,3.178,FM-5.5,153,105.6,BE065A,2026-01-17
CAL-00045,PX45,V30T,3.0,6,136.0,375.2,605.6,3.578,FM-8.5,183,106.7,BCA35F,2025-05-23
CAL-00046,PX47,B20T,2.0,4,87.4,400.7,609.4,3.115,FM-8.3,140,112.5,D9C363,2026-05-25
CAL-00047,PX31,B20T,2.0,4,80.4,324.9,700.4,3.051,FM-10.0,151,112.5,DC5A36,2024-04-27
CAL-00048,PX40,V30T,3.0,6,88.4,329.2,624.2,3.999,FM-3.1,83,124.4,29712B,2024-12-19
CAL-00049,PX39,V50D,5.0,8,182.1,840.2,1702.6,4.152,FM-6.8,144,106.8,D58C33,2025-11-27
CAL-00050,PX35,B20T,2.0,4,167.7,259.1,447.4,3.682,FM-12.5,166,126.2,E190D0,2025-10-05
CAL-00051,PX86,V35H,3.5,6,131.4,669.6,1253.0,3.736,FM-3.6,105,125.5,982EF7,2025-12-20
CAL-00052,PX72,V35H,3.5,6,156.5,597.6,1239.1,3.919,FM-7.4,134,114.9,ADEF21,2026-06-16
CAL-00053,PX23,B18T,1.8,4,111.4,282.2,464.1,3.021,FM-9.1,104,109.9,6C0034,2025-10-19
CAL-00054,PX32,B18T,1.8,4,171.8,204.9,454.8,4.192,FM-12.6,155,111.4,E18DB1,2026-06-26
CAL-00055,PX84,V35H,3.5,6,108.7,465.2,968.8,3.871,FM-11.5,171,120.3,981D36,2024-12-07
CAL-00056,PX85,V35H,3.5,6,138.6,514.3,964.6,4.175,FM-11.5,72,128.0,80BBC7,2025-04-08
CAL-00057,PX23,B20T,2.0,4,148.0,117.1,229.7,3.264,FM-11.1,169,124.1,52C162,2024-07-09
CAL-00058,PX48,B18T,1.8,4,134.0,293.3,531.7,3.848,FM-3.4,93,106.7,E7D1E7,2024-03-31
CAL-00059,PX25,B18T,1.8,4,138.4,306.6,537.7,4.075,FM-6.8,149,110.0,F0CA07,2024-02-09
CAL-00060,PX37,V35H,3.5,6,168.1,560.5,910.3,2.994,FM-8.7,127,113.8,19B30B,2026-06-09
CAL-00061,PX94,V30T,3.0,6,117.3,497.3,838.2,3.710,FM-13.0,181,123.4,7F6443,2025-10-19
CAL-00062,PX52,B20T,2.0,4,117.9,200.4,381.9,2.899,FM-11.3,148,126.0,50D8F9,2025-10-10
CAL-00063,PX49,B18T,1.8,4,97.7,165.2,316.0,3.983,FM-4.2,158,120.5,138EEE,2026-02-23
CAL-00064,PX97,B20T,2.0,4,138.0,263.8,419.2,3.459,FM-3.5,103,114.3,4C157F,2026-03-10
CAL-00065,PX83,B18T,1.8,4,135.5,303.7,562.4,3.668,FM-6.1,115,127.4,94E2EE,2025-12-07
CAL-00066,PX80,V30T,3.0,6,162.3,402.1,616.4,3.577,FM-3.4,133,127.9,D38039,2025-06-28
CAL-00067,PX66,V50D,5.0,8,103.9,823.8,1405.3,3.894,FM-4.2,153,106.7,9C081B,2025-03-08
CAL-00068,PX74,V30T,3.0,6,98.3,314.0,512.8,2.748,FM-12.3,100,113.2,03177D,2026-01-29
CAL-00069,PX91,V35H,3.5,6,153.6,269.0,560.7,4.231,FM-10.0,92,110.6,3378BD,2024-11-06
CAL-00070,PX23,B20T,2.0,4,178.6,236.1,409.0,4.293,FM-11.4,202,111.6,F84BC1,2025-07-05
CAL-00071,PX87,V35H,3.5,6,147.6,397.7,619.5,4.032,FM-3.8,68,111.7,CAA17C,2025-07-08
CAL-00072,PX51,B20T,2.0,4,132.0,406.5,611.2,3.109,FM-9.5,166,107.2,A5DBAD,2026-03-26
CAL-00073,PX79,V50D,5.0,8,113.9,286.3,576.7,3.742,FM-13.1,161,127.7,A35499,2025-11-29
CAL-00074,PX95,V50D,5.0,8,150.0,675.1,1082.8,3.068,FM-7.5,112,109.7,9E0A2E,2024-07-01
CAL-00075,PX83,B18T,1.8,4,101.9,183.3,407.1,3.665,FM-9.5,129,112.9,3014F5,2024-04-11
CAL-00076,PX64,V35H,3.5,6,133.6,516.9,892.9,4.067,FM-7.0,117,114.1,C5CBCF,2025-12-31
CAL-00077,PX80,V35H,3.5,6,139.0,452.1,809.6,3.363,FM-7.6,139,126.3,B903C1,2024-03-03
CAL-00078,PX62,V30T,3.0,6,177.7,465.1,769.4,4.178,FM-7.4,129,119.1,8296F9,2025-07-14
CAL-00079,PX43,V50D,5.0,8,142.3,1034.8,1794.0,4.265,FM-13.6,130,107.1,AD9C4C,2024-05-20
CAL-00080,PX43,V50D,5.0,8,136.1,449.9,885.4,2.965,FM-6.0,131,116.9,6F083C,2024-09-12
CAL-00081,PX86,V35H,3.5,6,83.4,656.0,999.9,4.079,FM-3.5,166,117.2,6F276C,2025-09-02
CAL-00082,PX40,B18T,1.8,4,168.0,322.9,570.8,3.146,FM-6.3,147,127.2,C493D2,2025-11-07
CAL-00083,PX79,B18T,1.8,4,135.6,314.6,517.1,3.704,FM-3.0,121,106.5,DDA67E,2025-03-13
CAL-00084,PX95,B18T,1.8,4,94.2,112.0,202.4,3.799,FM-9.7,82,105.6,B25693,2024-06-25
CAL-00085,PX42,V35H,3.5,6,102.1,484.4,938.4,4.200,FM-4.2,181,112.0,49AD51,2025-02-04
CAL-00086,PX93,B20T,2.0,4,174.1,179.7,270.0,2.851,FM-11.7,128,112.0,C85DCC,2025-12-25
CAL-00087,PX77,V50D,5.0,8,87.3,846.3,1642.0,3.198,FM-3.3,118,120.5,624CF9,2024-02-09
CAL-00088,PX94,V30T,3.0,6,103.6,331.1,728.5,4.244,FM-6.2,94,120.4,CCA9E0,2024-06-16
CAL-00089,PX62,V30T,3.0,6,83.7,147.2,332.7,3.960,FM-13.1,162,111.7,0F36DC,2026-01-14
CAL-00090,PX31,V30T,3.0,6,86.8,478.8,841.4,4.298,FM-12.3,106,124.0,439E81,2024-05-05
CAL-00091,PX21,V30T,3.0,6,108.0,679.0,1035.3,2.857,FM-7.3,169,105.8,125FC0,2024-11-11
CAL-00092,PX38,B20T,2.0,4,154.2,271.8,412.9,3.442,FM-10.4,207,109.5,266D62,2026-04-18
CAL-00093,PX65,V35H,3.5,6,122.4,313.2,699.4,3.132,FM-3.4,170,113.5,68B7F2,2025-11-10
CAL-00094,PX31,V50D,5.0,8,99.1,890.7,1780.3,4.048,FM-4.6,188,117.8,51EEAC,2024-06-22
CAL-00095,PX37,B18T,1.8,4,178.0,123.3,277.2,3.457,FM-9.0,156,107.2,9F405C,2024-03-17
CAL-00096,PX55,V50D,5.0,8,125.7,568.7,945.6,3.782,FM-8.1,129,125.8,0C53FD,2026-04-05
CAL-00097,PX90,V35H,3.5,6,152.5,494.1,955.0,3.069,FM-8.7,150,112.6,2FCC15,2025-02-15
CAL-00098,PX40,B18T,1.8,4,102.3,275.2,478.7,3.759,FM-5.5,242,122.1,63BFC5,2026-06-25
CAL-00099,PX27,V35H,3.5,6,127.9,707.5,1176.9,3.578,FM-10.4,150,119.2,6A064F,2024-09-01
CAL-00100,PX37,V35H,3.5,6,131.5,379.9,756.1,3.299,FM-8.6,167,112.0,6C2A93,2024-02-03
CAL-00101,PX75,V35H,3.5,6,172.3,677.8,1128.4,3.128,FM-11.0,190,127.5,02CDB7,2025-12-29
CAL-00102,PX59,V50D,5.0,8,161.1,380.0,768.7,4.134,FM-10.0,192,109.0,947151,2025-10-04
CAL-00103,PX31,V50D,5.0,8,109.4,496.2,1050.7,3.601,FM-9.4,149,108.4,AFE7C7,2024-12-18
CAL-00104,PX30,V50D,5.0,8,162.2,528.4,1080.9,3.024,FM-3.2,149,113.5,943D9C,2024-05-08
CAL-00105,PX76,B18T,1.8,4,161.4,322.8,602.6,3.332,FM-12.6,79,113.3,202540,2025-04-18
CAL-00106,PX51,V50D,5.0,8,148.2,761.2,1311.4,3.934,FM-11.8,117,112.7,F30C8D,2024-11-28
CAL-00107,PX93,V35H,3.5,6,112.8,455.7,799.3,3.448,FM-3.4,136,120.9,4E5778,2025-06-07
CAL-00108,PX37,B20T,2.0,4,148.3,342.7,593.0,3.999,FM-9.4,148,110.5,4D0F41,2025-03-25
CAL-00109,PX72,V50D,5.0,8,172.0,726.6,1169.0,3.912,FM-6.4,182,123.3,1F49A5,2025-02-26
CAL-00110,PX22,V30T,3.0,6,181.6,387.0,801.6,3.882,FM-5.6,76,122.5,AFE2E1,2024-10-29
CAL-00111,PX87,V35H,3.5,6,156.7,238.9,504.9,4.051,FM-4.8,87,105.2,BDFB6B,2025-03-09
CAL-00112,PX54,V35H,3.5,6,81.4,636.0,980.2,2.846,FM-12.0,150,124.2,14F62F,2024-12-06
CAL-00113,PX71,V50D,5.0,8,156.6,679.8,1242.2,2.867,FM-7.3,120,121.5,55DADD,2026-06-24
CAL-00114,PX69,B20T,2.0,4,106.0,245.3,404.2,3.058,FM-9.3,149,125.0,7899A5,2024-05-13
CAL-00115,PX29,V30T,3.0,6,184.3,606.0,981.3,4.005,FM-12.1,153,127.9,97DF5B,2024-09-06
CAL-00116,PX85,V50D,5.0,8,158.3,843.7,1604.9,3.992,FM-13.4,88,112.4,A9D402,2025-03-17
CAL-00117,PX47,V30T,3.0,6,146.4,267.3,425.2,3.732,FM-11.4,142,123.5,3A3FF5,2025-12-16
CAL-00118,PX76,V50D,5.0,8,123.1,395.6,842.5,3.426,FM-12.4,47,107.6,C8087A,2024-07-27
CAL-00119,PX75,V30T,3.0,6,123.6,287.2,568.8,3.103,FM-7.5,110,118.8,F992B5,2025-07-04
CAL-00120,PX58,V50D,5.0,8,173.2,981.3,1642.6,3.804,FM-9.7,139,121.2,4D3A69,2025-09-11
CAL-00121,PX26,V35H,3.5,6,144.0,344.2,734.9,3.327,FM-10.6,94,109.8,6EB5BD,2024-02-26
CAL-00122,PX33,B20T,2.0,4,152.3,134.7,283.5,3.897,FM-8.2,118,116.2,61F8E9,2024-10-03
CAL-00123,PX28,B20T,2.0,4,80.7,377.3,586.0,3.190,FM-12.2,119,123.2,A8C157,2025-07-02
CAL-00124,PX27,V35H,3.5,6,164.8,433.5,720.4,3.198,FM-8.2,188,117.6,D1B18D,2025-11-23
CAL-00125,PX47,V35H,3.5,6,156.9,370.7,777.0,3.987,FM-8.5,83,125.9,2626EA,2024-07-06
CAL-00126,PX70,B18T,1.8,4,95.7,369.5,591.4,3.175,FM-6.5,95,126.8,0B7926,2025-11-28
CAL-00127,PX24,V30T,3.0,6,109.5,196.8,374.8,4.051,FM-3.1,182,110.6,E73A29,2024-04-27
CAL-00128,PX39,V30T,3.0,6,144.4,359.5,573.1,3.232,FM-12.1,171,120.4,25FD83,2026-04-14
CAL-00129,PX22,V50D,5.0,8,139.5,366.7,814.8,3.857,FM-6.5,115,122.8,7A072B,2025-04-10
CAL-00130,PX65,B18T,1.8,4,184.4,284.1,639.5,2.753,FM-12.2,101,110.2,A86805,2025-05-26
CAL-00131,PX39,B18T,1.8,4,175.1,109.4,232.6,4.098,FM-8.6,137,113.9,EF843A,2025-02-28
CAL-00132,PX77,V30T,3.0,6,88.7,455.5,956.1,4.302,FM-4.2,130,106.6,3CCB39,2025-07-24
CAL-00133,PX50,V35H,3.5,6,170.0,617.0,1053.5,3.810,FM-3.4,185,120.9,96F4C1,2024-07-26
CAL-00134,PX20,V30T,3.0,6,133.8,399.9,691.8,2.809,FM-6.6,193,118.0,C1C8E4,2024-01-05
CAL-00135,PX64,V50D,5.0,8,135.3,425.3,912.8,3.230,FM-12.6,178,105.2,1C0522,2024-02-26
CAL-00136,PX57,B18T,1.8,4,153.0,230.9,465.8,2.940,FM-5.1,197,114.5,490DDC,2024-02-16
CAL-00137,PX49,V35H,3.5,6,101.0,459.0,996.2,4.133,FM-9.7,139,112.4,0265D3,2025-03-24
CAL-00138,PX35,V35H,3.5,6,128.4,314.9,671.2,3.359,FM-8.7,144,125.7,DC4F4D,2026-07-07
CAL-00139,PX88,V30T,3.0,6,140.6,216.7,444.1,3.900,FM-10.4,61,112.1,37DEC8,2024-04-02
CAL-00140,PX45,V30T,3.0,6,183.0,305.8,463.7,3.352,FM-7.6,166,111.8,D7078F,2024-10-08
CAL-00141,PX87,V50D,5.0,8,146.5,626.0,1245.2,4.145,FM-5.0,118,127.5,9AD581,2024-09-26
CAL-00142,PX96,B18T,1.8,4,145.5,236.3,358.6,4.271,FM-7.7,128,109.3,73E3B2,2024-04-14
CAL-00143,PX80,V30T,3.0,6,92.0,197.3,331.4,3.932,FM-12.5,147,118.3,1C8D09,2025-09-16
CAL-00144,PX55,B18T,1.8,4,118.4,303.1,567.4,3.232,FM-4.8,125,113.9,6A3F9B,2025-04-24
CAL-00145,PX57,B18T,1.8,4,88.0,110.8,202.1,3.025,FM-11.2,126,110.3,FB3B4D,2026-01-07
CAL-00146,PX79,B20T,2.0,4,122.5,296.6,643.1,3.429,FM-7.0,103,110.5,FD4788,2024-01-16
CAL-00147,PX85,V35H,3.5,6,158.7,683.6,1033.5,3.423,FM-5.0,89,113.8,7AB41D,2025-03-07
CAL-00148,PX57,B20T,2.0,4,159.3,124.0,260.9,2.989,FM-7.8,195,121.1,4C4EF6,2025-05-07
CAL-00149,PX38,V30T,3.0,6,84.1,385.5,681.4,3.715,FM-6.7,140,110.0,774284,2024-09-02
CAL-00150,PX91,V50D,5.0,8,108.5,856.5,1486.3,4.189,FM-10.6,130,125.1,813ACB,2026-04-17
CAL-00151,PX72,V50D,5.0,8,116.4,630.2,1073.0,4.017,FM-6.0,129,109.0,5BF8D0,2026-07-03
CAL-00152,PX59,V35H,3.5,6,112.5,641.3,1149.5,3.995,FM-11.3,188,125.2,BF335D,2024-06-07
CAL-00153,PX71,V30T,3.0,6,119.7,327.7,676.8,3.401,FM-11.1,139,107.4,DDB4C6,2025-04-13
CAL-00154,PX28,V30T,3.0,6,110.6,257.0,548.4,3.993,FM-6.0,95,116.1,0E2D32,2025-06-12
CAL-00155,PX21,V50D,5.0,8,121.3,973.3,1533.6,4.069,FM-8.6,133,114.3,0583C8,2025-12-15
CAL-00156,PX28,B20T,2.0,4,146.5,225.9,426.5,4.292,FM-10.5,216,112.5,353EB2,2024-12-23
CAL-00157,PX63,V50D,5.0,8,134.3,514.4,955.8,3.682,FM-5.0,151,109.6,B3B519,2024-05-14
CAL-00158,PX92,V50D,5.0,8,146.1,1040.8,1769.9,4.132,FM-9.6,121,117.7,5ABA4E,2025-05-09
CAL-00159,PX40,V30T,3.0,6,147.3,430.2,729.5,4.199,FM-9.6,160,121.6,ACBB6E,2026-03-30
CAL-00160,PX66,B20T,2.0,4,90.5,132.0,278.2,3.752,FM-13.1,160,108.8,7B7437,2025-03-12
CAL-00161,PX44,B18T,1.8,4,96.9,234.0,428.9,3.277,FM-10.6,179,108.8,42870B,2026-05-27
CAL-00162,PX22,V30T,3.0,6,81.6,288.6,562.2,4.221,FM-9.3,182,109.4,7B7B28,2026-05-17
CAL-00163,PX24,V35H,3.5,6,93.6,612.1,1008.7,3.867,FM-9.0,163,120.4,C326EE,2026-01-15
CAL-00164,PX51,V35H,3.5,6,131.8,190.7,388.3,3.913,FM-12.2,177,111.3,987115,2025-05-29
CAL-00165,PX23,B18T,1.8,4,109.8,371.5,638.3,2.839,FM-8.1,88,113.2,DDB991,2025-10-01
CAL-00166,PX82,B18T,1.8,4,79.4,240.3,511.5,4.186,FM-9.5,147,120.1,39D718,2026-02-10
CAL-00167,PX63,V30T,3.0,6,90.4,168.5,349.8,3.033,FM-6.1,178,108.2,58B277,2026-05-04
CAL-00168,PX20,B20T,2.0,4,99.7,381.0,599.0,2.788,FM-8.7,120,115.5,2823BE,2024-09-19
CAL-00169,PX91,V50D,5.0,8,138.7,1031.9,1593.6,4.154,FM-6.7,199,111.5,6CC11A,2025-02-13
CAL-00170,PX21,V35H,3.5,6,82.5,291.5,453.1,3.725,FM-9.6,171,118.5,A7C4F8,2026-05-30
CAL-00171,PX84,V50D,5.0,8,79.9,645.4,1155.9,2.778,FM-8.3,205,125.5,297147,2025-05-06
CAL-00172,PX38,V50D,5.0,8,160.1,685.6,1298.3,2.832,FM-3.7,138,119.2,91D9C5,2024-10-10
CAL-00173,PX81,V30T,3.0,6,162.3,605.0,911.2,3.525,FM-4.8,72,124.2,7926FD,2025-03-12
CAL-00174,PX72,B20T,2.0,4,141.8,127.2,221.8,3.582,FM-9.5,150,106.2,9E96E8,2025-03-21
CAL-00175,PX69,B20T,2.0,4,104.9,314.6,614.3,3.301,FM-6.6,163,127.2,058EE9,2024-01-08
CAL-00176,PX48,V30T,3.0,6,133.1,293.3,654.8,3.902,FM-13.6,166,123.0,2A6F38,2024-10-24
CAL-00177,PX59,V35H,3.5,6,137.7,198.6,387.8,3.336,FM-8.3,149,108.0,F3D389,2025-12-08
CAL-00178,PX71,B18T,1.8,4,163.9,331.5,560.2,2.950,FM-7.1,147,114.6,CE9E41,2024-07-28
CAL-00179,PX45,B18T,1.8,4,114.3,275.0,426.3,3.309,FM-12.2,140,113.2,974D95,2025-07-29
CAL-00180,PX84,V30T,3.0,6,179.8,241.8,456.8,3.178,FM-11.2,168,119.4,989386,2025-01-12
CAL-00181,PX55,V30T,3.0,6,173.3,403.3,698.8,3.497,FM-10.0,192,112.2,65881D,2024-04-20
CAL-00182,PX61,B18T,1.8,4,93.9,255.0,433.6,3.161,FM-12.6,138,124.0,E65DD1,2025-01-12
CAL-00183,PX86,V35H,3.5,6,172.7,221.1,387.0,3.360,FM-8.2,172,123.0,24FED0,2024-09-12
CAL-00184,PX26,B18T,1.8,4,132.5,126.4,224.7,3.557,FM-13.4,181,127.1,D977CF,2026-03-14
CAL-00185,PX97,V35H,3.5,6,157.9,597.9,921.4,3.746,FM-6.1,166,111.6,856F3C,2025-06-24
CAL-00186,PX43,B18T,1.8,4,158.9,395.7,630.0,3.570,FM-11.1,173,125.2,146CBB,2024-09-13
CAL-00187,PX74,V30T,3.0,6,150.9,301.9,551.2,4.271,FM-12.6,170,128.0,BE4E1C,2026-02-06
CAL-00188,PX62,V50D,5.0,8,119.4,937.2,1721.7,3.903,FM-7.0,189,122.1,D0A618,2025-08-30
CAL-00189,PX87,V50D,5.0,8,173.5,414.4,747.9,3.694,FM-3.4,180,115.5,5F8EF4,2025-03-12
CAL-00190,PX97,B20T,2.0,4,176.0,201.0,399.8,3.316,FM-12.6,127,117.9,DDFE84,2024-02-19
CAL-00191,PX58,V30T,3.0,6,88.0,537.8,837.9,2.811,FM-10.2,136,123.9,F89B9A,2024-03-14
CAL-00192,PX31,V30T,3.0,6,123.2,513.7,909.8,3.084,FM-8.3,123,126.0,161C5C,2024-08-16
CAL-00193,PX23,B20T,2.0,4,165.3,118.1,240.9,3.324,FM-10.2,158,121.4,507894,2026-02-02
CAL-00194,PX25,V50D,5.0,8,157.5,590.4,1236.2,3.774,FM-11.0,143,126.6,1BCEBE,2026-04-20
CAL-00195,PX59,V30T,3.0,6,143.6,578.6,892.6,3.992,FM-5.1,211,112.4,D3B453,2024-05-19
CAL-00196,PX22,B20T,2.0,4,99.4,374.7,578.3,3.812,FM-13.7,111,125.4,75DDBE,2025-12-31
CAL-00197,PX23,B18T,1.8,4,166.6,267.2,407.2,3.207,FM-10.0,111,105.6,B7F2C7,2024-12-18
CAL-00198,PX71,V35H,3.5,6,141.7,365.5,670.1,2.899,FM-11.7,72,120.6,34D1A7,2024-08-12
CAL-00199,PX71,V30T,3.0,6,158.1,401.9,707.2,2.924,FM-9.4,143,122.1,404646,2025-03-12
CAL-00200,PX96,B20T,2.0,4,89.3,152.1,324.9,3.606,FM-10.4,159,119.8,34C1D1,2024-11-03
CAL-00201,PX93,V35H,3.5,6,149.9,211.0,450.7,3.564,FM-13.3,161,106.6,60785A,2025-08-18
CAL-00202,PX34,V50D,5.0,8,184.8,620.6,1198.8,3.499,FM-9.2,138,126.6,D94B9C,2024-01-10
CAL-00203,PX79,B18T,1.8,4,175.1,368.0,563.0,4.084,FM-4.0,150,118.7,39309C,2025-06-08
CAL-00204,PX65,B20T,2.0,4,109.3,367.4,665.8,3.758,FM-4.0,167,113.4,58FC96,2024-03-11
CAL-00205,PX50,V30T,3.0,6,154.3,503.9,1023.8,4.221,FM-6.4,119,109.5,EDA621,2025-08-30
CAL-00206,PX79,V30T,3.0,6,129.8,567.2,854.2,3.936,FM-6.3,90,125.0,232F67,2025-02-08
CAL-00207,PX68,V50D,5.0,8,121.5,809.4,1384.3,3.856,FM-13.3,191,108.1,A6C538,2024-07-05
CAL-00208,PX56,B18T,1.8,4,114.3,134.3,296.7,3.486,FM-10.1,127,114.4,DEDE62,2025-06-01
CAL-00209,PX28,B20T,2.0,4,121.4,165.9,285.6,3.072,FM-3.4,110,112.3,1387C4,2025-05-18
CAL-00210,PX94,V30T,3.0,6,140.8,408.2,846.5,3.569,FM-11.4,125,105.4,E4D932,2025-11-06
CAL-00211,PX54,V30T,3.0,6,78.2,395.9,806.1,3.630,FM-12.7,132,123.6,4E9E2F,2026-06-29
CAL-00212,PX68,V30T,3.0,6,182.4,402.5,891.3,3.261,FM-10.0,174,111.8,B1A89F,2024-03-03
CAL-00213,PX70,V35H,3.5,6,119.1,627.7,1110.0,3.018,FM-13.4,164,121.1,2F02D5,2024-08-11
CAL-00214,PX70,B20T,2.0,4,121.6,278.8,427.2,3.161,FM-12.3,145,122.3,637929,2025-01-11
CAL-00215,PX69,V35H,3.5,6,121.3,562.4,1205.6,3.916,FM-7.7,129,115.4,97E418,2025-04-12
CAL-00216,PX96,B18T,1.8,4,183.2,352.7,562.5,3.802,FM-3.7,87,123.5,4FE39F,2024-07-24
CAL-00217,PX61,B20T,2.0,4,84.7,179.6,286.0,2.759,FM-8.5,187,126.4,6B5C6F,2024-07-03
CAL-00218,PX64,V35H,3.5,6,130.9,631.2,1102.9,3.878,FM-7.5,88,121.7,688DE4,2026-02-13
CAL-00219,PX65,V50D,5.0,8,113.8,559.0,1192.9,3.456,FM-6.3,126,121.3,CC6126,2026-01-12
CAL-00220,PX86,V35H,3.5,6,141.8,396.8,873.8,3.718,FM-11.0,88,121.2,7C84F1,2026-04-12
CAL-00221,PX53,V30T,3.0,6,139.2,226.3,427.0,3.527,FM-5.4,149,123.4,F46588,2025-01-13
CAL-00222,PX97,V50D,5.0,8,154.5,627.1,1056.3,4.094,FM-5.8,157,113.8,9F9376,2025-05-23
CAL-00223,PX24,V50D,5.0,8,92.1,286.3,606.6,3.097,FM-3.8,178,120.5,1A05DC,2025-05-29
CAL-00224,PX49,B20T,2.0,4,129.1,206.1,406.4,3.731,FM-13.8,158,121.7,739243,2025-12-07
CAL-00225,PX81,V30T,3.0,6,103.5,295.7,632.7,3.212,FM-12.3,92,111.2,988EA8,2024-06-02
CAL-00226,PX62,V35H,3.5,6,126.7,661.8,1213.7,3.786,FM-9.1,173,118.1,E7E9A0,2025-01-17
CAL-00227,PX97,B18T,1.8,4,139.7,218.7,392.9,3.410,FM-13.4,111,118.2,366827,2025-05-10
CAL-00228,PX79,V30T,3.0,6,119.0,433.6,848.0,2.856,FM-8.3,139,124.8,B4BACA,2026-01-05
CAL-00229,PX71,V50D,5.0,8,98.9,1035.6,1635.5,2.961,FM-5.7,148,119.6,76AC5A,2025-09-23
CAL-00230,PX35,B20T,2.0,4,97.2,207.4,457.7,3.667,FM-11.7,118,121.6,98ACC2,2025-12-10
CAL-00231,PX98,B18T,1.8,4,129.1,374.5,616.5,4.187,FM-12.1,159,108.0,609742,2024-10-12
CAL-00232,PX70,B20T,2.0,4,139.9,399.2,596.6,3.576,FM-7.7,165,120.7,9B0542,2024-07-09
CAL-00233,PX46,V35H,3.5,6,84.3,482.2,752.0,4.038,FM-10.0,152,123.7,8F5584,2025-01-09
CAL-00234,PX61,B20T,2.0,4,159.3,284.9,482.6,3.372,FM-5.5,211,119.0,000B51,2024-08-08
CAL-00235,PX68,B20T,2.0,4,111.5,398.4,718.4,3.171,FM-13.0,95,123.8,DD42EC,2026-03-25
CAL-00236,PX20,V35H,3.5,6,162.3,556.3,1113.5,3.452,FM-7.8,145,116.6,370E7E,2025-06-13
CAL-00237,PX98,V50D,5.0,8,145.4,1104.6,1692.5,3.988,FM-9.0,118,121.6,1EE4E1,2024-12-09
CAL-00238,PX44,V35H,3.5,6,143.8,253.7,510.8,3.470,FM-7.6,204,116.4,241781,2025-11-04
CAL-00239,PX82,V35H,3.5,6,89.7,259.2,454.3,3.618,FM-4.2,191,122.3,025CB7,2025-12-19
CAL-00240,PX48,V30T,3.0,6,93.2,231.7,376.4,4.300,FM-4.6,130,116.5,CCFBA4,2024-03-14
CAL-00241,PX66,B20T,2.0,4,130.6,280.8,489.3,3.043,FM-3.0,147,125.6,58DE85,2024-09-27
CAL-00242,PX74,B20T,2.0,4,136.6,168.6,314.7,3.374,FM-10.4,130,115.9,E4BFC2,2025-08-26
CAL-00243,PX73,V35H,3.5,6,100.0,616.0,1135.7,3.465,FM-9.3,140,111.5,8948AF,2024-05-16
CAL-00244,PX21,B18T,1.8,4,115.6,256.5,394.9,3.421,FM-13.0,161,115.7,9DA959,2024-05-24
CAL-00245,PX84,V50D,5.0,8,133.0,1076.2,1619.1,3.290,FM-5.7,106,119.8,5A4EE0,2025-05-16
CAL-00246,PX26,B18T,1.8,4,98.4,214.5,422.0,3.528,FM-7.1,193,114.8,8C8790,2024-11-10
CAL-00247,PX88,B20T,2.0,4,115.7,166.0,255.1,3.538,FM-9.7,172,127.6,3631E7,2025-11-22
CAL-00248,PX50,V35H,3.5,6,149.3,491.1,886.4,3.427,FM-10.8,182,106.5,1BF82C,2024-06-10
CAL-00249,PX34,V50D,5.0,8,80.8,846.4,1348.3,3.773,FM-9.0,196,109.9,D537E5,2024-08-30
CAL-00250,PX51,B18T,1.8,4,161.7,261.5,422.5,4.053,FM-4.0,131,112.5,E75856,2024-06-19
CAL-00251,PX57,V30T,3.0,6,91.5,523.9,955.7,3.709,FM-6.3,108,125.7,B24A78,2024-05-05
CAL-00252,PX36,B18T,1.8,4,169.7,307.4,527.6,3.624,FM-12.6,132,108.4,CE1510,2025-01-04
CAL-00253,PX25,V35H,3.5,6,138.8,316.5,640.9,3.494,FM-10.2,43,112.9,466FF6,2026-05-20
CAL-00254,PX86,B20T,2.0,4,118.0,407.3,714.0,3.852,FM-9.2,170,109.3,C4F7BD,2024-09-24
CAL-00255,PX55,B18T,1.8,4,145.6,105.2,213.5,3.519,FM-5.3,206,114.1,91AC99,2026-03-30
CAL-00256,PX58,V50D,5.0,8,107.9,703.5,1572.3,3.112,FM-8.5,140,110.0,D505FF,2025-07-14
CAL-00257,PX78,V35H,3.5,6,137.9,377.6,827.6,3.481,FM-3.6,44,126.3,4F01FE,2024-04-25
CAL-00258,PX67,V30T,3.0,6,100.1,339.6,556.0,3.157,FM-3.2,161,110.3,53FAC5,2024-05-06
CAL-00259,PX92,V35H,3.5,6,140.5,550.0,1033.5,3.780,FM-12.4,134,110.8,6FAD03,2025-03-15
CAL-00260,PX24,V35H,3.5,6,160.1,289.1,649.9,3.208,FM-4.4,184,118.5,860E48,2024-03-29
CAL-00261,PX84,V50D,5.0,8,115.1,690.5,1420.8,4.254,FM-11.4,114,106.0,3E8428,2026-01-07
CAL-00262,PX40,V35H,3.5,6,80.8,534.1,1167.5,3.444,FM-13.4,159,108.2,2A8898,2024-11-27
CAL-00263,PX29,B18T,1.8,4,116.5,287.6,501.9,3.145,FM-7.4,147,128.0,49ABCE,2024-11-27
CAL-00264,PX83,V35H,3.5,6,170.6,630.0,1238.4,4.261,FM-10.0,170,121.4,F0C0D2,2025-10-31
CAL-00265,PX35,V50D,5.0,8,116.6,994.6,1796.6,2.771,FM-4.7,169,112.1,DD63EA,2025-02-26
CAL-00266,PX96,B18T,1.8,4,106.3,196.9,342.4,3.639,FM-7.5,140,112.8,0767C5,2024-02-22
CAL-00267,PX87,V35H,3.5,6,148.7,253.4,475.0,4.188,FM-9.1,188,111.7,4777BF,2026-05-30
CAL-00268,PX74,B20T,2.0,4,150.3,251.2,467.6,4.135,FM-10.2,165,111.2,A8CF53,2024-09-14
CAL-00269,PX95,B20T,2.0,4,161.3,315.7,527.3,3.203,FM-11.7,88,120.0,CD84ED,2025-11-08
CAL-00270,PX73,V50D,5.0,8,156.1,268.8,560.4,3.053,FM-12.0,172,109.4,A07252,2024-04-01
CAL-00271,PX69,B20T,2.0,4,157.8,315.5,499.9,2.925,FM-10.3,119,105.6,E68C67,2025-08-29
CAL-00272,PX65,V30T,3.0,6,139.5,315.4,476.7,3.305,FM-9.8,66,113.6,BFA6E6,2025-12-02
CAL-00273,PX92,V35H,3.5,6,175.4,344.2,534.2,3.304,FM-5.2,196,127.6,68C994,2026-07-01
CAL-00274,PX65,B20T,2.0,4,117.3,373.6,629.4,3.925,FM-13.4,147,124.8,DA8E9E,2024-03-08
CAL-00275,PX45,V35H,3.5,6,184.3,184.8,407.2,3.399,FM-9.6,102,121.4,7315FA,2024-07-11
CAL-00276,PX56,V50D,5.0,8,89.6,570.3,1090.7,3.622,FM-13.5,166,116.1,E379DE,2024-11-11
CAL-00277,PX51,V30T,3.0,6,110.1,301.6,463.9,2.986,FM-7.3,110,110.7,D8D2DB,2024-07-22
CAL-00278,PX97,V35H,3.5,6,138.6,382.2,641.5,3.967,FM-10.4,152,111.3,0B685C,2024-05-31
CAL-00279,PX92,V50D,5.0,8,129.1,553.9,1048.6,4.050,FM-3.3,177,121.1,657896,2026-05-19
CAL-00280,PX23,B18T,1.8,4,164.2,144.9,288.4,3.322,FM-4.0,131,120.4,97E925,2025-04-11
CAL-00281,PX66,V50D,5.0,8,92.4,379.2,623.3,2.802,FM-10.2,123,108.4,6A9ECF,2025-01-09
CAL-00282,PX66,V50D,5.0,8,122.9,690.9,1308.4,2.953,FM-12.4,102,110.5,FC7BF8,2026-05-11
CAL-00283,PX93,V30T,3.0,6,99.3,442.2,980.7,3.359,FM-7.2,99,124.7,49212C,2024-09-09
CAL-00284,PX38,B20T,2.0,4,160.6,289.8,491.4,3.847,FM-11.0,168,124.1,C279B4,2024-05-01
CAL-00285,PX31,B20T,2.0,4,85.0,431.3,708.8,3.670,FM-9.8,166,108.4,BC2693,2024-04-18
CAL-00286,PX34,V35H,3.5,6,164.0,345.8,532.7,3.985,FM-5.1,144,108.7,8AF128,2025-01-18
CAL-00287,PX46,V50D,5.0,8,105.9,802.3,1232.9,3.168,FM-8.3,142,109.2,09F5EC,2024-05-11
CAL-00288,PX30,V50D,5.0,8,89.7,440.6,659.8,3.241,FM-8.2,170,113.7,6DF4BD,2024-01-14
CAL-00289,PX35,V35H,3.5,6,78.9,507.2,1111.9,4.007,FM-5.3,165,123.0,DB9632,2025-02-05
CAL-00290,PX80,V30T,3.0,6,140.1,625.7,1077.5,4.100,FM-3.0,169,123.6,562C25,2026-01-01
CAL-00291,PX96,B20T,2.0,4,79.9,147.9,322.8,4.185,FM-9.0,133,110.4,F0A496,2025-07-02
CAL-00292,PX85,V50D,5.0,8,128.0,684.8,1075.5,3.162,FM-4.6,133,115.6,2BB0C7,2025-07-06
CAL-00293,PX88,B18T,1.8,4,173.8,144.8,231.3,2.764,FM-8.0,173,124.4,CA5E36,2025-01-02
CAL-00294,PX56,B18T,1.8,4,120.7,312.0,569.9,2.744,FM-13.8,190,112.9,747258,2026-04-25
CAL-00295,PX86,B18T,1.8,4,183.0,326.8,587.0,3.382,FM-8.5,218,127.2,A6D8FA,2024-05-27
CAL-00296,PX50,V30T,3.0,6,108.3,263.1,432.8,3.137,FM-12.8,156,108.0,A4D622,2026-06-25
CAL-00297,PX30,V30T,3.0,6,83.6,438.0,825.8,2.807,FM-5.2,135,106.6,A558EB,2025-07-11
CAL-00298,PX85,B20T,2.0,4,84.5,384.0,658.2,4.181,FM-4.4,182,105.9,2AEB75,2024-10-20
CAL-00299,PX90,B20T,2.0,4,169.2,294.1,454.7,4.208,FM-4.5,166,125.1,9F2F5F,2026-06-26
CAL-00300,PX24,V50D,5.0,8,84.1,810.7,1627.1,4.192,FM-8.5,143,119.8,EE2966,2024-06-30
CAL-00301,PX69,B18T,1.8,4,101.2,236.2,474.4,3.269,FM-7.3,137,107.3,8B51A6,2025-10-30
CAL-00302,PX55,B20T,2.0,4,83.8,351.2,605.0,3.575,FM-13.1,112,126.7,C5B9F1,2025-12-27
CAL-00303,PX54,V50D,5.0,8,156.3,589.4,996.6,4.099,FM-5.4,129,115.5,DDBCDF,2024-08-08
CAL-00304,PX44,V30T,3.0,6,155.3,274.0,449.3,2.992,FM-9.2,163,110.9,646499,2024-02-18
CAL-00305,PX42,V50D,5.0,8,184.9,803.6,1775.7,2.749,FM-6.3,126,122.3,8DB822,2024-12-20
CAL-00306,PX58,V35H,3.5,6,116.4,512.5,1019.7,3.625,FM-10.5,101,112.8,E6C691,2025-02-09
CAL-00307,PX64,V50D,5.0,8,167.5,859.5,1750.1,2.915,FM-11.4,165,127.9,C8D337,2024-03-11
CAL-00308,PX39,V35H,3.5,6,133.2,340.1,514.5,3.041,FM-8.5,117,122.0,D75E2F,2024-09-02
CAL-00309,PX31,V30T,3.0,6,138.5,427.0,781.2,3.576,FM-13.8,103,107.9,B578E6,2024-11-29
CAL-00310,PX59,B18T,1.8,4,113.4,193.3,296.1,3.356,FM-3.7,156,113.1,F062E4,2025-02-12
CAL-00311,PX79,V35H,3.5,6,165.2,326.0,562.8,3.199,FM-3.6,73,120.7,A35622,2025-06-08
CAL-00312,PX94,B18T,1.8,4,139.6,189.4,292.6,3.238,FM-6.2,121,120.1,7D5830,2026-05-08
CAL-00313,PX97,B18T,1.8,4,162.1,334.9,592.0,2.749,FM-12.8,130,115.6,4FF0D1,2025-08-31
CAL-00314,PX51,B20T,2.0,4,173.5,309.1,492.7,2.781,FM-7.3,92,123.6,317FDF,2026-01-28
CAL-00315,PX72,V35H,3.5,6,183.8,585.7,1232.7,4.027,FM-6.4,126,122.9,CD504B,2024-11-27
CAL-00316,PX30,V30T,3.0,6,83.0,651.3,1025.1,3.183,FM-12.6,142,108.1,952812,2025-03-31
CAL-00317,PX38,V35H,3.5,6,177.3,261.8,501.0,2.746,FM-9.2,157,126.4,1C0FD0,2026-06-22
CAL-00318,PX44,V50D,5.0,8,117.6,963.0,1741.0,4.041,FM-6.7,101,109.9,BA3B09,2024-01-22
CAL-00319,PX25,V30T,3.0,6,102.9,374.2,830.5,2.742,FM-5.0,158,112.3,E409EA,2024-05-25
CAL-00320,PX96,V35H,3.5,6,151.3,194.6,402.1,3.737,FM-5.0,133,119.7,969828,2025-09-21
CAL-00321,PX58,V35H,3.5,6,81.3,556.0,927.0,4.142,FM-9.8,109,105.9,F3571D,2024-04-29
CAL-00322,PX32,V30T,3.0,6,141.5,302.3,653.8,3.741,FM-8.0,185,106.8,274903,2025-02-16
CAL-00323,PX79,V35H,3.5,6,184.8,240.4,440.4,3.354,FM-10.2,102,114.3,4EA2A8,2025-01-04
CAL-00324,PX29,V35H,3.5,6,152.3,427.1,729.9,3.540,FM-6.7,158,121.1,EDC9B9,2025-04-13
CAL-00325,PX44,V50D,5.0,8,80.8,495.8,1080.8,4.124,FM-10.2,163,123.4,B1137C,2024-08-31
CAL-00326,PX56,B18T,1.8,4,150.4,229.7,360.8,3.769,FM-13.1,124,127.7,798BA8,2025-02-06
CAL-00327,PX25,V35H,3.5,6,112.4,493.0,937.3,3.521,FM-10.7,151,109.4,3B8CFF,2025-04-14
CAL-00328,PX28,B18T,1.8,4,140.0,369.3,572.0,4.241,FM-5.4,187,122.9,598B0C,2025-02-13
CAL-00329,PX93,B20T,2.0,4,163.1,297.5,555.6,4.127,FM-7.6,161,109.0,EC364E,2024-10-15
CAL-00330,PX24,B18T,1.8,4,160.1,130.2,233.9,3.549,FM-10.6,133,126.0,938B86,2024-03-04
CAL-00331,PX20,B20T,2.0,4,81.3,285.6,567.3,3.340,FM-4.7,148,111.7,5691CF,2025-08-07
CAL-00332,PX53,V30T,3.0,6,90.8,225.9,377.8,3.582,FM-9.5,116,108.1,BC4199,2024-04-16
CAL-00333,PX25,B18T,1.8,4,104.7,198.0,316.0,2.816,FM-11.1,161,107.7,F46F01,2024-12-16
CAL-00334,PX65,V35H,3.5,6,98.1,404.5,736.1,3.514,FM-6.3,130,124.6,F0FC80,2024-07-16
CAL-00335,PX43,V50D,5.0,8,111.5,826.3,1298.1,3.883,FM-6.2,184,114.0,ADCD60,2024-10-20
CAL-00336,PX59,V30T,3.0,6,137.4,501.5,800.8,4.267,FM-7.0,168,111.1,662A91,2025-08-09
CAL-00337,PX48,V50D,5.0,8,162.5,496.7,764.8,3.862,FM-12.7,101,111.3,6CE2D0,2026-01-10
CAL-00338,PX57,V35H,3.5,6,110.4,253.4,524.2,3.722,FM-12.0,136,109.7,6CEDD7,2025-05-11
CAL-00339,PX93,B20T,2.0,4,137.6,225.1,395.9,2.770,FM-5.4,173,119.8,EA7CA0,2024-08-28
CAL-00340,PX35,V50D,5.0,8,179.3,625.2,1133.3,2.936,FM-8.6,127,113.3,0940AD,2024-11-11
CAL-00341,PX66,V30T,3.0,6,83.2,313.7,511.6,4.288,FM-8.0,169,119.2,32F09B,2024-11-15
CAL-00342,PX71,B20T,2.0,4,120.7,254.7,566.0,2.838,FM-10.4,193,123.3,BAD039,2024-12-09
CAL-00343,PX80,B20T,2.0,4,170.4,159.2,354.8,4.213,FM-7.2,121,111.8,050875,2025-05-28
CAL-00344,PX46,V50D,5.0,8,170.2,655.8,1194.8,4.233,FM-6.1,103,110.1,988062,2026-02-24
CAL-00345,PX80,V50D,5.0,8,152.8,553.8,1148.9,3.142,FM-9.1,147,123.3,1052D4,2024-11-07
CAL-00346,PX80,V35H,3.5,6,107.9,455.6,743.7,3.553,FM-9.4,94,119.5,0A9E57,2026-05-30
CAL-00347,PX31,V35H,3.5,6,161.9,585.3,984.3,3.191,FM-13.4,79,114.0,FD0318,2026-04-30
CAL-00348,PX26,V30T,3.0,6,154.8,464.1,715.1,3.911,FM-3.4,128,124.0,264227,2024-05-23
CAL-00349,PX50,V35H,3.5,6,84.1,751.3,1226.2,4.112,FM-10.5,153,116.5,F6EB42,2026-01-17
CAL-00350,PX51,V30T,3.0,6,133.6,394.1,853.2,3.832,FM-5.0,105,107.5,C29AFD,2024-11-09
CAL-00351,PX85,V50D,5.0,8,124.1,419.9,643.0,3.694,FM-7.7,132,124.6,E8F015,2025-02-06
CAL-00352,PX85,V30T,3.0,6,131.6,262.1,458.3,2.968,FM-10.3,191,125.8,C8EDD1,2025-04-15
CAL-00353,PX64,V30T,3.0,6,182.2,448.6,762.2,4.117,FM-10.1,114,114.7,0DBC31,2024-04-12
CAL-00354,PX68,B20T,2.0,4,167.3,229.2,394.3,3.546,FM-5.8,141,115.8,92E4B1,2025-10-23
CAL-00355,PX58,V50D,5.0,8,171.0,1027.9,1760.6,2.892,FM-4.1,189,115.5,743B88,2024-03-07
CAL-00356,PX91,V30T,3.0,6,175.6,336.5,602.4,3.545,FM-6.4,122,127.6,0DF23C,2024-11-17
CAL-00357,PX75,V35H,3.5,6,127.6,661.8,1228.8,3.534,FM-11.2,114,124.7,F685A5,2024-09-08
CAL-00358,PX96,V30T,3.0,6,114.9,226.8,395.6,3.263,FM-7.0,127,124.0,862F7A,2024-10-30
CAL-00359,PX36,B20T,2.0,4,120.7,187.8,375.2,3.750,FM-13.5,122,119.0,18AFD3,2025-04-04
CAL-00360,PX22,B20T,2.0,4,166.9,199.9,325.9,3.488,FM-10.1,109,113.8,1ADADC,2025-06-26
CAL-00361,PX40,B20T,2.0,4,157.4,325.5,532.9,4.266,FM-6.1,135,117.1,1C5AC2,2026-06-28
CAL-00362,PX49,V50D,5.0,8,178.8,783.1,1597.9,3.104,FM-13.3,166,126.3,96F113,2026-01-05
CAL-00363,PX23,V35H,3.5,6,178.2,454.3,967.0,3.788,FM-12.6,154,110.9,258A95,2026-05-06
CAL-00364,PX57,V35H,3.5,6,147.2,346.6,701.3,4.019,FM-8.3,150,118.6,F9A56A,2024-04-27
CAL-00365,PX65,V50D,5.0,8,113.2,458.7,933.4,2.958,FM-6.5,158,117.9,623635,2025-06-15
CAL-00366,PX93,V30T,3.0,6,128.1,299.3,678.0,3.628,FM-10.7,117,111.0,7E1E28,2025-11-07
CAL-00367,PX29,V35H,3.5,6,105.5,531.4,1035.5,4.219,FM-5.0,182,121.3,9D1AEA,2025-08-30
CAL-00368,PX76,V50D,5.0,8,163.6,295.2,600.9,2.887,FM-11.2,135,120.7,6C7503,2024-01-20
CAL-00369,PX32,V35H,3.5,6,145.8,440.1,863.4,3.816,FM-11.0,138,107.8,89E3E3,2025-12-16
CAL-00370,PX95,V35H,3.5,6,115.0,253.7,456.2,3.424,FM-8.7,156,108.1,4CDC4A,2024-04-14
CAL-00371,PX65,B18T,1.8,4,174.1,269.8,526.7,3.270,FM-4.8,157,110.0,9E6DF1,2025-02-05
CAL-00372,PX56,B20T,2.0,4,111.6,267.8,477.5,3.030,FM-4.1,195,124.4,967EBA,2025-09-18
CAL-00373,PX89,V50D,5.0,8,178.7,996.2,1591.5,3.475,FM-12.3,198,117.7,2C2869,2026-01-12
CAL-00374,PX62,B18T,1.8,4,131.1,123.1,227.1,4.082,FM-5.8,147,118.9,3CDB67,2024-10-07
CAL-00375,PX33,V30T,3.0,6,172.7,413.8,936.2,3.467,FM-4.2,98,121.3,02B24F,2026-02-21
CAL-00376,PX71,B18T,1.8,4,148.6,150.7,289.3,4.296,FM-9.4,85,119.2,AA2C6D,2024-01-20
CAL-00377,PX24,B20T,2.0,4,103.8,408.3,687.7,3.188,FM-6.4,115,119.3,82CA85,2024-11-06
CAL-00378,PX49,V50D,5.0,8,139.2,602.6,1240.5,3.878,FM-10.1,177,107.6,18288B,2026-01-13
CAL-00379,PX37,V30T,3.0,6,134.2,454.2,887.9,2.940,FM-8.8,99,107.7,26062E,2025-04-16
CAL-00380,PX84,B18T,1.8,4,78.9,158.8,248.2,3.217,FM-13.8,168,106.8,042526,2026-04-08
CAL-00381,PX88,V35H,3.5,6,169.9,556.6,1182.9,3.707,FM-13.7,154,122.6,E45888,2026-04-27
CAL-00382,PX26,V50D,5.0,8,82.2,360.1,710.1,2.736,FM-6.7,156,112.9,107392,2025-09-07
CAL-00383,PX39,B18T,1.8,4,180.7,216.2,420.4,3.389,FM-6.1,137,123.4,2093B1,2026-04-29
CAL-00384,PX59,V50D,5.0,8,133.3,386.2,655.8,2.820,FM-3.7,143,127.8,F922E0,2025-12-16
CAL-00385,PX44,V35H,3.5,6,144.5,627.6,1002.7,2.751,FM-4.5,142,117.6,13E8F2,2025-04-14
CAL-00386,PX42,V30T,3.0,6,179.2,253.4,483.9,3.520,FM-9.7,139,121.2,506F17,2024-02-15
CAL-00387,PX60,V50D,5.0,8,78.7,590.1,931.6,3.380,FM-13.0,165,116.0,677024,2025-08-22
CAL-00388,PX45,V50D,5.0,8,107.7,352.7,638.6,3.032,FM-11.7,107,123.6,CA28BB,2025-09-08
CAL-00389,PX79,V30T,3.0,6,125.0,240.0,423.1,3.290,FM-8.1,113,126.1,A166A2,2025-09-11
CAL-00390,PX23,B20T,2.0,4,164.4,145.4,236.7,3.188,FM-3.8,183,120.2,B39290,2025-11-01
CAL-00391,PX63,B20T,2.0,4,115.5,275.2,516.5,3.965,FM-9.4,121,107.2,ABEB96,2025-06-12
CAL-00392,PX45,B18T,1.8,4,168.2,165.5,337.5,3.479,FM-11.0,236,116.9,1D57D8,2025-03-22
CAL-00393,PX75,V30T,3.0,6,102.8,601.4,995.9,3.774,FM-6.2,193,121.1,553F61,2026-06-12
CAL-00394,PX92,B20T,2.0,4,123.2,113.1,247.5,3.235,FM-13.4,124,109.7,61111A,2024-11-29
CAL-00395,PX83,V35H,3.5,6,124.3,611.3,1024.6,3.519,FM-12.6,291,118.4,BC4DF1,2026-03-30
CAL-00396,PX61,V30T,3.0,6,157.0,574.3,882.1,3.855,FM-5.8,92,127.4,E83423,2025-06-07
CAL-00397,PX74,B18T,1.8,4,168.3,122.3,257.9,2.742,FM-5.2,127,127.0,03E2CB,2025-03-12
CAL-00398,PX85,V35H,3.5,6,132.5,438.0,719.2,3.611,FM-5.6,121,108.2,82DB21,2024-08-04
CAL-00399,PX86,V35H,3.5,6,102.8,198.3,395.1,4.017,FM-4.8,95,123.4,63B118,2024-01-29
CAL-00400,PX75,B18T,1.8,4,120.8,167.9,280.2,3.798,FM-5.8,126,119.0,B9C75E,2025-04-09
CAL-00401,PX75,V35H,3.5,6,78.7,589.5,1072.6,4.113,FM-12.8,100,115.0,549FB3,2025-07-28
CAL-00402,PX27,V50D,5.0,8,161.4,701.4,1206.5,2.865,FM-10.8,161,128.0,400BF3,2026-05-30
CAL-00403,PX20,V30T,3.0,6,145.3,437.0,879.3,4.285,FM-9.5,186,107.2,5D7DAE,2024-10-10
CAL-00404,PX44,B20T,2.0,4,152.8,218.5,348.7,3.243,FM-6.3,104,115.1,143251,2025-08-05
CAL-00405,PX28,B18T,1.8,4,125.1,129.3,209.6,3.391,FM-4.1,135,125.8,C64517,2025-12-13
CAL-00406,PX37,B18T,1.8,4,134.2,131.8,280.9,3.468,FM-5.7,130,122.2,1D2966,2026-04-25
CAL-00407,PX36,V50D,5.0,8,132.9,560.3,842.1,3.101,FM-7.6,152,121.9,B3E270,2026-02-21
CAL-00408,PX22,B20T,2.0,4,118.2,307.3,476.4,3.744,FM-7.6,120,114.3,2C3E8E,2026-02-19
CAL-00409,PX89,B18T,1.8,4,179.7,226.6,355.3,3.797,FM-13.3,236,125.2,248DBC,2026-04-21
CAL-00410,PX96,V30T,3.0,6,129.4,679.9,1023.7,3.199,FM-13.5,149,125.1,8973BE,2024-02-16
CAL-00411,PX65,V30T,3.0,6,170.1,182.8,336.4,3.426,FM-9.5,130,107.8,5533E3,2024-01-22
CAL-00412,PX59,B20T,2.0,4,147.2,132.5,238.6,4.300,FM-7.4,154,124.9,353AFD,2026-05-10
CAL-00413,PX79,V30T,3.0,6,173.8,278.7,450.5,3.222,FM-3.1,162,126.7,7FC613,2025-05-22
CAL-00414,PX39,B18T,1.8,4,182.6,121.7,233.8,3.736,FM-10.0,160,127.2,FD9A3E,2025-06-02
CAL-00415,PX32,B18T,1.8,4,182.9,135.8,210.5,3.572,FM-8.2,115,122.0,FE0922,2024-07-21
CAL-00416,PX50,B18T,1.8,4,115.3,183.4,332.8,3.453,FM-13.2,167,117.8,20ECF3,2026-05-01
CAL-00417,PX97,V50D,5.0,8,168.7,933.4,1522.1,4.131,FM-5.3,113,114.2,E0B830,2024-01-25
CAL-00418,PX52,B18T,1.8,4,86.8,117.9,230.4,3.656,FM-4.2,117,116.6,FB6136,2024-08-21
CAL-00419,PX26,B18T,1.8,4,90.9,259.5,558.0,3.609,FM-3.2,166,106.3,CC1209,2026-04-25
CAL-00420,PX28,V50D,5.0,8,116.2,364.2,664.0,2.791,FM-3.7,162,109.9,58452A,2024-03-07
CAL-00421,PX44,V35H,3.5,6,168.1,555.9,1054.7,2.741,FM-10.5,151,107.2,199DD5,2026-05-29
CAL-00422,PX73,V30T,3.0,6,103.3,440.3,966.6,3.103,FM-11.3,118,108.3,906A26,2024-05-15
CAL-00423,PX51,B20T,2.0,4,127.0,240.2,504.9,3.921,FM-4.2,135,113.5,A95719,2026-03-08
CAL-00424,PX24,V35H,3.5,6,110.6,229.5,386.2,3.001,FM-9.2,137,121.3,981C7D,2026-01-17
CAL-00425,PX68,B18T,1.8,4,152.5,116.4,250.6,4.256,FM-13.3,196,119.5,9270C8,2024-03-03
CAL-00426,PX70,V30T,3.0,6,127.0,295.4,644.9,3.222,FM-3.6,173,127.2,CE05E8,2024-08-29
CAL-00427,PX62,B20T,2.0,4,126.1,241.2,541.1,2.889,FM-5.7,184,126.2,6DFBB4,2026-01-18
CAL-00428,PX90,V35H,3.5,6,135.2,659.9,1084.0,2.769,FM-6.0,104,122.5,4D3F8F,2025-02-05
CAL-00429,PX83,B18T,1.8,4,127.7,241.4,413.8,3.337,FM-12.3,89,118.0,A358CF,2026-02-01
CAL-00430,PX88,V50D,5.0,8,150.8,629.7,1092.8,3.586,FM-4.1,158,120.0,F3C173,2025-06-28
CAL-00431,PX92,V35H,3.5,6,181.9,600.0,978.8,3.884,FM-6.7,146,110.7,462AD0,2025-01-15
CAL-00432,PX25,V30T,3.0,6,174.0,223.5,388.1,3.829,FM-4.7,82,109.7,AED7FE,2025-07-15
CAL-00433,PX55,B18T,1.8,4,127.1,366.6,635.1,3.506,FM-9.4,137,127.1,5A971B,2025-10-03
CAL-00434,PX67,V30T,3.0,6,138.5,645.8,1033.4,3.327,FM-9.7,100,118.5,A27348,2026-02-17
CAL-00435,PX81,B20T,2.0,4,97.8,204.9,312.1,2.864,FM-13.2,181,122.4,1FD6CE,2024-06-30
CAL-00436,PX96,V30T,3.0,6,110.6,581.7,1077.5,3.871,FM-13.2,96,111.9,B9E854,2024-02-25
CAL-00437,PX49,B20T,2.0,4,158.1,212.5,400.7,3.459,FM-10.1,160,122.4,5E5247,2025-08-06
CAL-00438,PX29,V30T,3.0,6,88.5,352.2,784.4,3.567,FM-4.5,170,127.5,135076,2025-02-12
CAL-00439,PX50,V35H,3.5,6,125.6,525.7,802.4,4.199,FM-12.0,155,125.1,838A6D,2024-11-23
CAL-00440,PX94,V50D,5.0,8,101.3,401.3,639.2,4.212,FM-13.0,156,125.8,CF3ECE,2025-07-16
CAL-00441,PX94,V35H,3.5,6,170.2,429.3,718.3,4.189,FM-7.3,130,115.0,4177DD,2024-06-08
CAL-00442,PX61,B20T,2.0,4,80.1,265.9,535.2,3.325,FM-3.3,155,122.8,DDC7BE,2024-09-22
CAL-00443,PX25,B18T,1.8,4,163.0,247.5,438.2,3.373,FM-13.6,125,127.9,9AD2F3,2026-06-10
CAL-00444,PX73,B18T,1.8,4,80.2,136.9,238.6,3.468,FM-13.0,203,107.6,E32265,2024-04-05
CAL-00445,PX48,V50D,5.0,8,172.4,700.9,1113.1,3.950,FM-11.4,143,108.7,18490F,2025-04-13
CAL-00446,PX87,B18T,1.8,4,154.6,264.8,468.1,4.025,FM-3.4,120,124.4,F9D528,2025-10-24
CAL-00447,PX87,V35H,3.5,6,110.7,556.8,1107.0,2.742,FM-4.4,170,112.6,AE4E11,2025-12-08
CAL-00448,PX66,V50D,5.0,8,170.4,777.1,1191.4,3.806,FM-13.3,127,114.1,909610,2024-08-28
CAL-00449,PX80,V30T,3.0,6,154.4,263.6,401.5,3.590,FM-3.2,127,107.7,2EE05C,2024-08-02
CAL-00450,PX49,V30T,3.0,6,110.4,412.3,870.9,3.248,FM-9.5,109,121.4,1561AC,2024-11-17
CAL-00451,PX78,V50D,5.0,8,83.6,761.3,1379.6,3.774,FM-7.2,102,126.7,FF239B,2024-06-10
CAL-00452,PX62,V30T,3.0,6,153.2,519.0,933.0,2.938,FM-11.1,184,111.8,CF8E57,2024-12-03
CAL-00453,PX71,B20T,2.0,4,147.7,227.5,500.6,2.925,FM-7.1,121,110.8,EBE0DD,2024-08-29
CAL-00454,PX65,V50D,5.0,8,89.3,854.5,1327.2,4.256,FM-6.5,147,108.0,63A311,2024-07-24
CAL-00455,PX37,V35H,3.5,6,129.2,520.1,801.9,3.247,FM-4.6,156,112.1,B65F2D,2025-11-15
CAL-00456,PX42,V30T,3.0,6,175.1,339.3,681.3,3.891,FM-9.5,135,108.0,6551C4,2025-03-16
CAL-00457,PX85,B20T,2.0,4,132.4,323.2,523.4,3.565,FM-9.8,98,110.7,D8584D,2024-10-17
CAL-00458,PX93,V50D,5.0,8,87.1,644.7,1125.5,2.985,FM-5.6,98,122.4,2E11F5,2025-08-25
CAL-00459,PX28,B18T,1.8,4,102.9,321.7,580.5,3.454,FM-5.0,146,114.0,E18AB2,2025-01-20
CAL-00460,PX73,B20T,2.0,4,170.6,275.4,559.7,3.506,FM-8.2,157,112.1,7A7C1C,2024-01-18
CAL-00461,PX72,V50D,5.0,8,105.1,881.5,1794.3,4.232,FM-11.4,163,121.9,740756,2024-02-17
CAL-00462,PX41,V30T,3.0,6,115.3,465.8,721.9,2.734,FM-11.2,200,112.6,6E59FB,2026-04-03
CAL-00463,PX79,B18T,1.8,4,89.1,202.0,400.7,3.510,FM-8.3,170,120.2,CB4704,2026-05-23
CAL-00464,PX51,B20T,2.0,4,182.8,282.5,507.3,3.127,FM-3.6,152,125.2,1CC53A,2025-11-15
CAL-00465,PX32,V50D,5.0,8,142.5,411.6,737.9,2.846,FM-10.3,162,107.7,24E500,2024-10-01
CAL-00466,PX63,B20T,2.0,4,84.9,118.8,223.9,2.898,FM-12.3,141,112.3,5571C0,2025-01-26
CAL-00467,PX60,B20T,2.0,4,177.3,368.8,621.6,2.978,FM-3.0,135,127.9,0CB854,2026-02-26
CAL-00468,PX57,B20T,2.0,4,120.2,372.7,646.3,3.663,FM-4.4,134,114.5,93C9BB,2024-12-07
CAL-00469,PX48,B18T,1.8,4,83.1,243.0,413.3,3.728,FM-5.0,178,127.2,00C2FB,2025-03-21
CAL-00470,PX49,B20T,2.0,4,104.5,375.9,622.3,3.336,FM-13.7,152,115.9,FD157D,2025-03-24
CAL-00471,PX35,V35H,3.5,6,85.7,512.7,882.2,2.922,FM-12.7,133,120.1,8D8343,2026-03-11
CAL-00472,PX34,B18T,1.8,4,157.6,103.5,198.7,3.518,FM-10.5,66,110.1,26EEC4,2024-11-06
CAL-00473,PX30,V50D,5.0,8,90.8,387.4,704.2,3.716,FM-7.5,158,123.6,69017E,2025-06-29
CAL-00474,PX49,B20T,2.0,4,100.0,200.2,368.0,3.409,FM-3.6,140,109.5,136CFE,2024-03-14
CAL-00475,PX83,V30T,3.0,6,111.6,193.6,381.3,3.063,FM-8.5,148,118.1,FB729A,2026-02-19
CAL-00476,PX80,B20T,2.0,4,160.1,125.0,228.5,3.361,FM-12.7,130,108.2,73985F,2024-09-03
CAL-00477,PX78,V30T,3.0,6,114.4,334.7,729.0,3.912,FM-7.8,165,106.8,5618E6,2024-03-19
CAL-00478,PX88,V30T,3.0,6,79.8,247.1,474.9,4.252,FM-11.1,139,116.6,55B81B,2026-04-17
CAL-00479,PX25,B20T,2.0,4,87.0,396.4,698.5,4.122,FM-8.4,180,126.8,676BE1,2025-08-10
CAL-00480,PX92,B18T,1.8,4,150.6,187.9,363.4,3.807,FM-13.8,136,108.4,ED2BF6,2026-06-30
CAL-00481,PX55,V50D,5.0,8,113.9,721.2,1352.2,3.598,FM-10.0,161,119.8,61C754,2025-12-21
CAL-00482,PX30,V35H,3.5,6,179.5,784.7,1225.8,3.994,FM-4.8,121,109.3,BF6231,2026-03-01
CAL-00483,PX25,B20T,2.0,4,95.1,317.1,482.6,2.759,FM-9.6,157,127.1,6372AE,2025-10-13
CAL-00484,PX32,V35H,3.5,6,151.9,640.4,1159.5,3.622,FM-8.7,151,120.2,B67F92,2024-04-21
CAL-00485,PX29,V35H,3.5,6,92.5,301.7,586.7,2.873,FM-13.6,156,110.7,D3B63C,2024-09-25
CAL-00486,PX88,V30T,3.0,6,89.2,241.6,539.4,4.138,FM-6.2,111,127.0,85CE8F,2025-07-26
CAL-00487,PX68,V30T,3.0,6,112.0,487.5,967.3,2.797,FM-3.8,137,119.4,BB8E65,2026-03-07
CAL-00488,PX75,B18T,1.8,4,85.3,143.1,316.9,3.651,FM-8.6,187,126.3,7011EF,2025-03-03
CAL-00489,PX95,V35H,3.5,6,127.2,368.1,816.4,3.626,FM-6.5,132,116.6,64EA52,2025-11-07
CAL-00490,PX69,B18T,1.8,4,179.9,269.9,405.7,4.285,FM-11.2,135,120.7,57CCDE,2026-03-04
CAL-00491,PX28,V50D,5.0,8,117.3,892.1,1740.2,3.011,FM-11.3,160,109.3,639CD1,2024-06-10
CAL-00492,PX53,V35H,3.5,6,136.3,617.7,1219.3,3.034,FM-13.2,143,112.8,E66D3E,2026-05-01
CAL-00493,PX94,V50D,5.0,8,78.8,408.0,790.0,4.171,FM-8.8,87,118.9,426EC5,2025-02-16
CAL-00494,PX67,V35H,3.5,6,97.2,376.5,623.6,3.020,FM-3.4,170,107.0,2FBA7F,2024-07-24
CAL-00495,PX80,V35H,3.5,6,109.7,598.8,1079.1,4.257,FM-3.8,138,109.5,9ADE3F,2025-08-17
CAL-00496,PX87,V35H,3.5,6,100.0,411.0,750.7,4.041,FM-10.4,162,113.0,C83E3E,2024-05-11
CAL-00497,PX74,V35H,3.5,6,101.9,765.1,1207.9,2.937,FM-9.8,88,125.4,2CE34A,2026-04-01
CAL-00498,PX85,V50D,5.0,8,147.2,520.7,929.6,3.955,FM-7.0,187,125.7,64E684,2024-05-25
CAL-00499,PX50,V30T,3.0,6,174.6,492.6,881.7,4.140,FM-13.0,114,126.4,1A4EEA,2024-06-08
CAL-00500,PX89,B18T,1.8,4,113.8,256.0,396.4,3.779,FM-11.2,205,127.3,D23452,2025-02-04
CAL-00501,PX24,B18T,1.8,4,141.7,162.4,299.8,3.838,FM-9.7,123,110.1,4968C1,2025-09-04
CAL-00502,PX20,V30T,3.0,6,149.7,294.3,451.0,2.945,FM-12.1,84,111.7,6811B3,2024-01-14
CAL-00503,PX87,V30T,3.0,6,134.1,443.6,842.8,3.235,FM-8.6,148,107.4,07CF3E,2025-09-06
CAL-00504,PX21,V50D,5.0,8,151.0,303.4,627.3,4.085,FM-6.7,132,123.9,C110F1,2024-02-06
CAL-00505,PX42,V50D,5.0,8,146.1,506.6,1071.7,4.008,FM-5.8,121,121.4,61BDE0,2024-05-20
CAL-00506,PX77,B18T,1.8,4,110.8,414.5,641.2,3.962,FM-12.3,177,124.8,19AFFC,2024-05-25
CAL-00507,PX62,V35H,3.5,6,169.6,425.2,841.5,2.751,FM-11.6,134,107.7,CE2B61,2024-11-11
CAL-00508,PX72,V50D,5.0,8,122.1,991.8,1688.8,2.812,FM-6.3,120,115.1,CEB293,2025-12-14
CAL-00509,PX59,B18T,1.8,4,85.9,195.0,292.9,3.873,FM-6.5,85,108.8,0A9F37,2024-09-21
CAL-00510,PX74,V30T,3.0,6,134.0,329.0,508.4,2.857,FM-5.2,137,121.6,400F3E,2025-09-20
CAL-00511,PX86,V35H,3.5,6,80.7,364.8,741.0,3.971,FM-3.0,4,118.0,E34E07,2025-04-29
CAL-00512,PX50,B20T,2.0,4,146.0,373.3,583.0,3.772,FM-10.3,190,112.4,E1C707,2024-02-23
CAL-00513,PX89,V50D,5.0,8,81.9,568.4,1188.5,4.189,FM-6.2,136,118.2,7725B7,2024-02-25
CAL-00514,PX92,V30T,3.0,6,177.6,398.6,805.6,2.763,FM-10.7,129,109.4,14D975,2026-01-26
CAL-00515,PX27,V30T,3.0,6,125.0,456.5,870.6,2.727,FM-7.6,140,113.1,EA1315,2026-01-24
CAL-00516,PX74,V35H,3.5,6,119.4,390.9,624.6,3.888,FM-10.0,125,122.7,784A56,2026-04-23
CAL-00517,PX41,V35H,3.5,6,105.5,375.1,567.4,3.038,FM-7.8,187,107.5,07914C,2025-12-10
CAL-00518,PX55,B20T,2.0,4,96.0,165.3,320.0,2.944,FM-12.3,182,121.4,A33A2E,2026-06-22
CAL-00519,PX48,V50D,5.0,8,111.1,747.1,1166.5,3.890,FM-12.0,165,125.5,2B8680,2025-10-16
CAL-00520,PX89,V50D,5.0,8,95.9,722.7,1482.9,3.325,FM-13.6,173,111.2,261591,2025-07-29
CAL-00521,PX50,V30T,3.0,6,128.7,421.8,675.8,4.264,FM-7.2,111,113.1,E4C6F1,2024-01-18
CAL-00522,PX75,V30T,3.0,6,80.9,490.0,915.7,3.255,FM-3.1,166,116.3,78A2B3,2024-12-18
CAL-00523,PX24,B18T,1.8,4,129.2,125.3,267.6,4.277,FM-6.3,181,108.3,7A89AE,2024-01-20
CAL-00524,PX74,V50D,5.0,8,152.8,983.8,1786.0,3.110,FM-12.0,109,124.6,CCC9C1,2026-05-25
CAL-00525,PX64,B20T,2.0,4,162.2,191.8,370.5,3.792,FM-7.4,104,122.5,96EE1D,2024-04-17
CAL-00526,PX31,V50D,5.0,8,123.5,834.0,1470.7,3.897,FM-10.6,150,113.3,090C3B,2026-04-10
CAL-00527,PX65,V50D,5.0,8,156.8,467.5,900.8,2.858,FM-7.3,118,127.6,A57A22,2025-07-10
CAL-00528,PX97,V30T,3.0,6,153.5,275.5,568.0,3.814,FM-11.0,82,125.3,130901,2026-02-25
CAL-00529,PX97,V30T,3.0,6,116.4,465.4,832.1,3.415,FM-12.1,153,112.4,C0635B,2024-08-10
CAL-00530,PX61,B20T,2.0,4,152.7,163.6,339.9,3.968,FM-8.1,195,108.8,70D216,2025-01-08
CAL-00531,PX39,V50D,5.0,8,109.8,633.4,1397.4,2.908,FM-9.0,219,123.0,E438A7,2025-12-26
CAL-00532,PX62,B18T,1.8,4,129.0,103.9,209.6,4.051,FM-7.0,183,112.3,5445D7,2024-11-15
CAL-00533,PX74,B18T,1.8,4,121.4,140.6,252.7,4.302,FM-10.6,153,109.4,52870D,2026-04-23
CAL-00534,PX48,B20T,2.0,4,137.0,155.4,266.6,3.465,FM-11.8,150,107.0,CB3ACB,2025-10-22
CAL-00535,PX40,V50D,5.0,8,182.7,456.3,933.7,3.385,FM-6.1,204,123.7,2A13BC,2025-07-11
CAL-00536,PX25,V35H,3.5,6,137.7,619.1,1148.3,3.356,FM-8.1,175,110.8,F4B75A,2024-12-15
CAL-00537,PX69,B18T,1.8,4,180.4,139.1,264.5,3.874,FM-12.2,142,123.6,2BCA0A,2024-04-19
CAL-00538,PX37,V35H,3.5,6,82.6,448.1,787.9,3.529,FM-13.0,165,121.6,1D4CB6,2024-03-09
CAL-00539,PX27,V50D,5.0,8,170.0,913.4,1750.9,3.623,FM-8.0,148,109.2,0F2692,2025-12-12
CAL-00540,PX62,B20T,2.0,4,116.3,121.7,262.9,3.119,FM-3.1,49,117.2,8E01BB,2024-05-11
CAL-00541,PX49,B18T,1.8,4,99.6,206.8,438.9,4.109,FM-9.5,113,121.0,85DC68,2024-07-02
CAL-00542,PX56,B18T,1.8,4,125.1,284.9,537.2,3.737,FM-10.2,149,118.8,D99060,2025-04-15
CAL-00543,PX25,B20T,2.0,4,176.5,339.7,572.7,3.630,FM-6.3,164,118.5,1EEBDA,2024-02-06
CAL-00544,PX47,V30T,3.0,6,81.9,453.0,678.7,4.148,FM-11.8,127,105.3,A06245,2026-03-17
CAL-00545,PX40,V35H,3.5,6,131.6,500.1,988.6,3.732,FM-6.2,128,123.6,C154F1,2025-11-22
CAL-00546,PX70,V35H,3.5,6,98.2,277.6,475.7,2.770,FM-3.7,155,109.3,06754A,2026-04-29
CAL-00547,PX41,V35H,3.5,6,170.1,297.8,447.1,3.252,FM-5.7,119,107.6,9395D0,2024-01-09
CAL-00548,PX57,B20T,2.0,4,82.6,221.4,332.1,3.572,FM-12.1,185,115.7,5C1F7D,2025-07-08
CAL-00549,PX59,B18T,1.8,4,125.9,318.9,608.9,2.925,FM-11.6,180,126.5,D4F67F,2025-02-21
CAL-00550,PX28,B18T,1.8,4,138.0,270.3,523.0,3.700,FM-8.6,144,105.6,0F80C7,2026-05-25
CAL-00551,PX25,V30T,3.0,6,100.2,418.6,712.2,2.800,FM-8.6,138,116.6,3F18F2,2026-06-26
CAL-00552,PX75,V35H,3.5,6,123.4,241.6,437.9,4.053,FM-10.5,159,125.5,3F2465,2026-03-14
CAL-00553,PX81,V30T,3.0,6,158.1,182.0,351.1,3.044,FM-4.1,155,117.7,9A6EC5,2026-05-06
CAL-00554,PX30,V50D,5.0,8,115.8,736.8,1168.6,3.250,FM-8.6,173,116.2,0AAE0A,2025-02-07
CAL-00555,PX76,V35H,3.5,6,166.6,458.6,938.5,3.134,FM-8.2,163,113.7,2FAA71,2024-03-13
CAL-00556,PX90,B20T,2.0,4,96.3,451.0,680.7,3.757,FM-3.6,177,127.3,729593,2025-04-16
CAL-00557,PX96,B18T,1.8,4,184.8,132.8,283.5,3.197,FM-6.7,185,121.4,B7AF63,2025-06-24
CAL-00558,PX27,B18T,1.8,4,142.7,351.9,575.7,3.532,FM-3.3,110,106.7,3E5196,2025-11-09
CAL-00559,PX93,V30T,3.0,6,123.9,194.3,416.7,3.499,FM-5.5,91,106.4,2DA0E5,2024-11-27
CAL-00560,PX54,B20T,2.0,4,174.5,367.7,578.8,2.740,FM-11.8,146,122.9,8DECBD,2025-08-17
CAL-00561,PX65,B18T,1.8,4,119.3,203.2,455.2,2.950,FM-4.8,156,111.9,5C26F7,2024-11-11
CAL-00562,PX57,B20T,2.0,4,168.8,342.0,696.0,4.297,FM-8.5,160,117.2,0E6EE1,2024-12-09
CAL-00563,PX80,B18T,1.8,4,84.6,222.0,381.1,3.578,FM-6.4,100,108.0,BC75AA,2025-01-29
CAL-00564,PX59,B18T,1.8,4,141.1,129.1,213.2,3.917,FM-5.4,156,121.5,DD6E16,2024-01-30
CAL-00565,PX92,V35H,3.5,6,93.8,604.2,1085.7,4.275,FM-8.0,155,114.8,925647,2025-04-04
CAL-00566,PX88,V50D,5.0,8,127.8,847.7,1782.7,3.855,FM-11.4,157,126.8,E5CBFE,2024-04-05
CAL-00567,PX56,V50D,5.0,8,119.2,584.8,1026.5,2.727,FM-6.3,101,110.0,D1D69B,2024-07-30
CAL-00568,PX64,V30T,3.0,6,90.4,411.8,843.2,3.617,FM-7.2,118,123.2,7C36E0,2025-11-11
CAL-00569,PX89,B18T,1.8,4,182.4,160.9,308.8,3.479,FM-8.3,182,116.3,91B9F4,2026-04-24
CAL-00570,PX64,B18T,1.8,4,135.5,295.0,620.5,2.986,FM-3.5,126,106.0,A0BA7E,2024-05-20
CAL-00571,PX44,V50D,5.0,8,170.3,1070.3,1793.1,3.998,FM-9.0,126,127.0,0513BC,2025-01-16
CAL-00572,PX40,B18T,1.8,4,122.7,392.7,627.6,3.967,FM-3.6,183,124.6,FE28EE,2024-06-20
CAL-00573,PX21,V30T,3.0,6,117.2,201.2,350.2,2.941,FM-6.0,114,115.6,DE3AD7,2025-10-07
CAL-00574,PX38,B18T,1.8,4,159.7,175.2,337.0,3.112,FM-9.8,113,126.3,39233D,2024-05-03
CAL-00575,PX89,B18T,1.8,4,178.0,145.5,262.3,4.152,FM-3.7,144,123.5,0B208B,2025-08-12
CAL-00576,PX42,B18T,1.8,4,149.9,112.3,209.9,3.958,FM-6.8,171,112.7,018251,2026-01-17
CAL-00577,PX65,B20T,2.0,4,134.5,202.3,457.1,4.127,FM-7.5,159,114.7,0435D0,2025-12-23
CAL-00578,PX45,B20T,2.0,4,156.5,297.7,596.9,2.859,FM-7.0,123,119.5,1F20CC,2024-06-18
CAL-00579,PX76,B18T,1.8,4,171.8,125.0,213.1,3.306,FM-9.8,189,116.6,F80A72,2024-09-10
CAL-00580,PX20,B18T,1.8,4,147.0,237.2,359.0,3.691,FM-5.2,148,108.3,DF3F24,2025-11-14
CAL-00581,PX22,V50D,5.0,8,118.6,900.7,1505.7,3.730,FM-10.6,180,119.0,64C356,2024-11-30
CAL-00582,PX52,V35H,3.5,6,132.7,271.5,472.5,2.913,FM-11.4,145,109.1,5D0481,2026-03-25
CAL-00583,PX79,V30T,3.0,6,118.4,204.0,418.5,3.414,FM-13.6,108,124.3,A50974,2024-05-21
CAL-00584,PX77,V50D,5.0,8,111.1,432.0,691.6,3.578,FM-3.5,154,106.3,22255D,2026-03-29
CAL-00585,PX67,V35H,3.5,6,154.2,253.1,517.4,2.786,FM-8.7,177,107.8,00F1B8,2024-04-23
CAL-00586,PX22,V30T,3.0,6,96.8,589.1,928.8,4.270,FM-8.4,197,110.2,418938,2026-03-29
CAL-00587,PX71,B18T,1.8,4,149.9,232.5,407.9,3.202,FM-9.0,119,123.1,AF9EED,2024-03-25
CAL-00588,PX81,V35H,3.5,6,148.6,261.9,542.0,3.137,FM-11.6,161,117.6,786065,2024-03-29
CAL-00589,PX29,V50D,5.0,8,103.6,871.8,1612.5,4.018,FM-7.7,137,125.1,063BD3,2024-10-10
CAL-00590,PX91,V50D,5.0,8,175.3,468.7,903.5,4.226,FM-7.0,167,123.6,D84351,2026-03-24
CAL-00591,PX34,V30T,3.0,6,115.8,540.5,1006.3,3.419,FM-11.1,128,105.9,7596C5,2025-08-10
CAL-00592,PX63,V35H,3.5,6,117.0,581.4,932.0,2.853,FM-5.6,65,125.3,B78DBC,2025-05-06
CAL-00593,PX90,B18T,1.8,4,79.9,168.1,305.2,3.225,FM-9.7,137,111.1,342E39,2026-05-04
CAL-00594,PX47,V50D,5.0,8,155.0,745.3,1318.3,3.614,FM-10.3,167,117.6,150FDB,2024-09-23
CAL-00595,PX68,V35H,3.5,6,112.7,222.6,406.8,3.483,FM-12.3,191,123.4,40E047,2024-12-05
CAL-00596,PX30,V30T,3.0,6,93.7,531.3,826.9,3.500,FM-9.4,153,125.1,23BF5B,2024-03-31
CAL-00597,PX34,V35H,3.5,6,161.5,272.4,416.0,3.336,FM-4.0,132,122.0,57B310,2024-11-01
CAL-00598,PX21,V50D,5.0,8,119.9,618.5,1187.7,3.580,FM-12.4,149,105.2,DE7FC5,2026-07-04
CAL-00599,PX28,V50D,5.0,8,100.0,435.8,851.2,2.803,FM-9.0,118,111.5,DEE443,2026-04-03
CAL-00600,PX33,V50D,5.0,8,147.7,581.3,910.3,3.839,FM-3.7,153,112.4,DEF744,2024-01-27
CAL-00601,PX37,V50D,5.0,8,170.2,395.2,750.0,3.853,FM-10.6,125,121.2,6636B6,2024-04-12
CAL-00602,PX76,V50D,5.0,8,87.2,984.6,1726.7,2.830,FM-4.6,172,128.0,815AE9,2024-09-29
CAL-00603,PX69,B20T,2.0,4,142.9,274.0,454.0,2.942,FM-7.8,241,126.8,EDC7AD,2024-05-14
CAL-00604,PX40,B20T,2.0,4,181.9,134.5,253.2,3.985,FM-12.5,129,117.4,46CEFA,2025-10-20
CAL-00605,PX80,V35H,3.5,6,112.1,271.0,440.9,3.330,FM-5.7,85,114.6,300967,2025-12-08
CAL-00606,PX80,B20T,2.0,4,108.2,361.0,573.1,3.208,FM-10.0,146,115.6,13FB9D,2025-09-05
CAL-00607,PX23,V35H,3.5,6,129.9,446.2,799.9,2.861,FM-3.7,127,122.5,958101,2024-07-19
CAL-00608,PX90,V50D,5.0,8,97.5,790.0,1484.8,4.234,FM-11.7,132,107.2,016477,2024-12-03
CAL-00609,PX61,B18T,1.8,4,154.2,162.0,254.2,3.061,FM-9.6,110,114.8,31D25D,2024-08-22
CAL-00610,PX49,V30T,3.0,6,103.7,407.4,892.6,2.851,FM-8.2,177,115.7,DC4515,2025-07-03
CAL-00611,PX73,V50D,5.0,8,95.0,730.7,1529.1,3.579,FM-4.1,142,107.7,DED311,2025-06-22
CAL-00612,PX86,B20T,2.0,4,109.0,333.1,538.2,3.660,FM-11.7,108,115.0,21C086,2025-06-09
CAL-00613,PX80,V50D,5.0,8,108.8,949.1,1736.4,2.820,FM-11.7,187,116.0,DA52B2,2025-12-11
CAL-00614,PX24,B18T,1.8,4,86.2,222.8,481.3,3.312,FM-12.7,76,124.9,4906B8,2024-03-07
CAL-00615,PX54,B18T,1.8,4,83.1,261.7,497.2,4.167,FM-6.0,158,127.1,19ABF9,2024-02-06
CAL-00616,PX30,B18T,1.8,4,135.1,211.5,413.6,4.044,FM-7.4,151,118.0,ADF583,2024-10-16
CAL-00617,PX90,V50D,5.0,8,117.2,490.4,1060.1,3.990,FM-11.0,142,114.7,7EE6E2,2024-06-03
CAL-00618,PX95,B20T,2.0,4,155.2,300.9,477.5,2.886,FM-8.4,180,110.0,293615,2024-12-20
CAL-00619,PX49,B18T,1.8,4,152.9,158.0,323.5,3.901,FM-4.6,144,109.6,FCC9A7,2026-05-19
CAL-00620,PX27,B20T,2.0,4,176.0,199.3,388.6,4.105,FM-4.6,121,127.5,12B371,2024-01-06
CAL-00621,PX82,B20T,2.0,4,136.7,255.9,474.1,3.804,FM-8.6,123,118.6,ABEE67,2024-05-30
CAL-00622,PX67,B18T,1.8,4,126.3,128.4,199.0,3.468,FM-9.4,166,115.2,874203,2025-04-15
CAL-00623,PX23,V30T,3.0,6,171.3,233.8,458.7,3.899,FM-4.0,203,120.9,125F19,2025-11-09
CAL-00624,PX72,B20T,2.0,4,103.8,109.7,237.6,2.774,FM-4.3,93,111.1,1EEF89,2025-08-14
CAL-00625,PX70,B18T,1.8,4,163.9,270.3,599.4,4.131,FM-10.2,173,127.0,451B98,2024-08-22
CAL-00626,PX53,B20T,2.0,4,156.3,205.5,336.6,4.290,FM-9.2,189,108.3,113FA5,2024-11-15
CAL-00627,PX90,V30T,3.0,6,156.0,347.3,575.1,3.565,FM-9.4,183,109.8,DA7FFE,2025-10-07
CAL-00628,PX63,V35H,3.5,6,165.1,289.5,533.5,3.541,FM-12.3,128,109.8,9E5917,2026-05-18
CAL-00629,PX60,V35H,3.5,6,116.4,592.7,968.0,3.825,FM-9.2,101,110.0,02F7A2,2025-01-28
CAL-00630,PX52,B18T,1.8,4,94.2,241.0,385.7,3.978,FM-8.6,107,114.3,0840E5,2026-06-26
CAL-00631,PX82,V50D,5.0,8,168.5,774.4,1585.5,3.959,FM-10.6,135,108.1,2DDD3A,2025-10-08
CAL-00632,PX55,B18T,1.8,4,151.3,249.2,409.8,3.720,FM-5.5,131,113.2,6829D9,2026-05-06
CAL-00633,PX64,V35H,3.5,6,177.4,231.9,392.4,3.546,FM-6.6,115,122.6,E4B758,2024-10-20
CAL-00634,PX32,V30T,3.0,6,159.0,293.8,487.6,3.338,FM-8.3,120,122.2,45721B,2024-02-19
CAL-00635,PX63,V50D,5.0,8,119.3,645.6,1293.0,3.853,FM-5.3,143,121.7,16637F,2026-01-29
CAL-00636,PX91,V30T,3.0,6,124.6,236.4,460.1,3.620,FM-7.7,130,109.2,99C21B,2025-03-04
CAL-00637,PX41,B20T,2.0,4,138.6,421.5,693.6,3.787,FM-6.4,104,116.3,C5444F,2025-09-05
CAL-00638,PX75,V35H,3.5,6,89.1,592.9,1228.6,3.946,FM-4.0,182,117.3,990EA5,2024-07-03
CAL-00639,PX48,V35H,3.5,6,161.1,553.1,939.1,3.470,FM-9.8,93,125.9,BCFAA7,2026-04-22
CAL-00640,PX92,V30T,3.0,6,98.0,597.8,892.4,2.786,FM-9.8,99,113.6,89C42F,2024-09-01
CAL-00641,PX62,B20T,2.0,4,125.1,187.0,369.7,4.201,FM-7.6,158,110.5,B29809,2025-05-09
CAL-00642,PX57,V30T,3.0,6,152.3,378.3,595.7,3.230,FM-10.0,191,106.4,77DA6B,2025-02-13
CAL-00643,PX28,B18T,1.8,4,103.5,138.3,262.6,3.145,FM-4.1,121,116.2,B187B3,2025-09-23
CAL-00644,PX33,B18T,1.8,4,125.6,275.5,478.6,3.052,FM-9.8,111,111.7,E83B3E,2024-03-14
CAL-00645,PX52,V30T,3.0,6,165.1,483.0,722.3,3.306,FM-3.6,154,126.1,0350E7,2025-10-16
CAL-00646,PX20,V50D,5.0,8,94.2,575.8,1241.9,3.907,FM-12.0,178,125.4,D9E354,2024-03-27
CAL-00647,PX64,B20T,2.0,4,84.8,262.6,461.8,4.168,FM-4.0,69,120.2,DA7F86,2024-02-12
CAL-00648,PX29,V30T,3.0,6,123.6,309.9,498.6,3.150,FM-12.1,211,122.0,F80484,2025-05-13
CAL-00649,PX73,V50D,5.0,8,157.2,538.8,1018.3,4.149,FM-12.8,156,109.5,54F3E9,2025-10-09
CAL-00650,PX56,V30T,3.0,6,104.8,525.3,1065.2,3.789,FM-12.2,75,110.9,B62233,2024-06-28
CAL-00651,PX40,B20T,2.0,4,176.8,132.0,281.0,4.242,FM-13.5,168,114.4,E8454B,2026-05-01
CAL-00652,PX95,V50D,5.0,8,112.2,623.0,1061.7,4.058,FM-13.3,139,110.7,AC9C53,2026-03-28
CAL-00653,PX56,B20T,2.0,4,87.5,174.4,293.3,3.041,FM-13.3,199,127.3,B91B4E,2026-04-04
CAL-00654,PX60,V30T,3.0,6,150.0,603.0,1011.8,3.812,FM-9.2,122,109.5,5D65DD,2026-02-12
CAL-00655,PX67,V30T,3.0,6,140.1,463.8,820.1,3.291,FM-4.8,180,107.6,C691AB,2026-02-27
CAL-00656,PX26,B18T,1.8,4,86.4,241.3,376.8,3.761,FM-7.7,164,116.4,D864A3,2024-06-21
CAL-00657,PX66,B20T,2.0,4,160.6,297.3,465.6,2.720,FM-13.3,172,127.3,F62FBC,2025-02-19
CAL-00658,PX90,B20T,2.0,4,101.5,176.7,308.9,2.772,FM-7.3,143,125.7,395B9A,2026-02-08
CAL-00659,PX53,B20T,2.0,4,103.0,192.3,372.7,3.685,FM-10.3,179,114.3,BFAE9B,2026-03-21
CAL-00660,PX73,B20T,2.0,4,138.9,248.4,504.2,3.670,FM-12.6,172,108.1,2A508D,2026-07-05
CAL-00661,PX23,V35H,3.5,6,79.3,430.8,800.5,3.341,FM-10.7,111,105.8,558C31,2026-01-15
CAL-00662,PX93,B20T,2.0,4,79.2,391.5,628.6,3.198,FM-6.3,135,126.1,7B9EAC,2025-11-17
CAL-00663,PX88,V50D,5.0,8,130.7,1026.6,1680.6,3.551,FM-6.4,186,107.1,3A0C5C,2025-04-25
CAL-00664,PX48,V30T,3.0,6,160.1,645.5,1027.2,4.280,FM-9.3,91,127.7,78B07D,2024-11-11
CAL-00665,PX93,V35H,3.5,6,125.9,550.6,1093.9,2.727,FM-10.5,179,116.1,363720,2024-05-01
CAL-00666,PX78,V35H,3.5,6,108.3,380.4,853.7,3.857,FM-10.3,122,109.6,781097,2025-09-14
CAL-00667,PX39,V35H,3.5,6,173.4,280.9,510.0,4.222,FM-6.1,82,110.9,C5403C,2024-09-30
CAL-00668,PX64,B18T,1.8,4,165.5,117.2,215.5,3.576,FM-10.1,94,119.9,5E4B90,2024-12-14
CAL-00669,PX37,V50D,5.0,8,152.0,605.7,966.3,3.062,FM-8.8,124,105.7,178793,2026-06-04
CAL-00670,PX45,V30T,3.0,6,180.2,490.8,1039.4,3.868,FM-10.7,134,109.9,E37184,2026-07-03
CAL-00671,PX75,V30T,3.0,6,80.0,459.8,985.4,2.785,FM-9.3,188,110.1,20FDDC,2024-02-24
CAL-00672,PX92,V35H,3.5,6,166.6,282.0,625.4,3.483,FM-9.7,117,124.0,93FB4F,2025-11-09
CAL-00673,PX92,V50D,5.0,8,119.9,756.8,1545.4,3.150,FM-9.2,134,121.8,48EA0A,2024-01-22
CAL-00674,PX91,V35H,3.5,6,180.6,539.2,958.9,3.561,FM-4.0,163,121.8,7C57D7,2026-02-18
CAL-00675,PX31,B20T,2.0,4,154.4,342.6,573.1,2.877,FM-8.2,131,117.2,EC39C7,2025-11-12
CAL-00676,PX59,V50D,5.0,8,103.4,713.5,1571.0,2.776,FM-10.7,119,127.2,2421BC,2026-01-21
CAL-00677,PX23,V30T,3.0,6,161.2,416.7,736.7,3.263,FM-13.2,159,126.9,2437F7,2024-10-06
CAL-00678,PX87,B18T,1.8,4,168.6,310.0,551.6,3.534,FM-9.3,158,114.7,1A596C,2024-05-21
CAL-00679,PX76,B18T,1.8,4,138.8,255.3,501.2,3.191,FM-13.2,124,124.6,2836B3,2025-05-19
CAL-00680,PX88,V50D,5.0,8,103.8,758.8,1339.9,4.170,FM-6.5,169,106.0,AF063F,2025-10-16
CAL-00681,PX90,B18T,1.8,4,143.3,171.4,346.3,2.905,FM-6.1,151,119.5,92159D,2026-04-09
CAL-00682,PX35,V30T,3.0,6,93.8,316.3,475.8,3.446,FM-3.6,110,120.8,1D8698,2024-02-22
CAL-00683,PX82,B18T,1.8,4,171.2,128.6,199.6,3.697,FM-8.4,97,124.2,8D0116,2024-06-05
CAL-00684,PX35,V50D,5.0,8,120.3,380.2,677.8,4.024,FM-5.6,133,110.0,A1501C,2025-09-20
CAL-00685,PX80,B18T,1.8,4,177.7,179.1,369.2,3.490,FM-13.4,153,107.6,0D091A,2025-11-09
CAL-00686,PX95,V30T,3.0,6,102.9,413.0,632.4,4.033,FM-5.5,109,121.0,C77D76,2024-04-26
CAL-00687,PX36,V50D,5.0,8,107.4,522.3,942.7,2.947,FM-10.3,124,106.3,11D7D1,2024-10-12
CAL-00688,PX88,V50D,5.0,8,130.9,940.8,1740.3,3.138,FM-3.5,161,114.8,C97871,2026-01-30
CAL-00689,PX70,B20T,2.0,4,125.1,170.5,299.1,4.148,FM-4.8,75,105.8,E28677,2024-01-16
CAL-00690,PX94,B20T,2.0,4,150.8,423.5,711.3,3.735,FM-11.6,100,116.1,76EE86,2025-04-16
CAL-00691,PX58,B18T,1.8,4,152.2,192.9,299.2,3.382,FM-4.8,142,111.7,529E81,2024-02-26
CAL-00692,PX76,V30T,3.0,6,129.1,324.5,499.6,4.273,FM-9.3,86,112.1,DB88ED,2025-06-20
CAL-00693,PX42,V35H,3.5,6,111.4,804.2,1230.5,3.863,FM-4.7,116,126.7,2E47D3,2025-06-27
CAL-00694,PX48,V50D,5.0,8,124.2,668.3,1371.7,3.266,FM-9.8,137,115.8,5A45BF,2025-01-05
CAL-00695,PX62,V35H,3.5,6,96.3,504.2,1129.1,4.230,FM-12.0,132,123.3,278009,2026-05-02
CAL-00696,PX75,V35H,3.5,6,169.5,708.4,1258.6,3.913,FM-11.0,108,107.0,C1580C,2024-02-14
CAL-00697,PX45,B18T,1.8,4,157.7,263.0,422.4,3.047,FM-11.6,215,125.6,287B6F,2025-02-03
CAL-00698,PX52,B20T,2.0,4,91.2,114.4,250.3,3.337,FM-8.3,113,109.3,5D1190,2024-08-19
CAL-00699,PX83,B18T,1.8,4,130.4,272.1,454.4,3.975,FM-5.6,102,123.4,F3D736,2024-11-19
CAL-00700,PX75,B18T,1.8,4,174.2,132.9,250.1,4.139,FM-5.8,190,120.6,4D1EE2,2025-01-25
CAL-00701,PX96,B18T,1.8,4,94.2,224.8,405.3,3.933,FM-12.0,135,126.0,8FDF4A,2024-01-02
CAL-00702,PX55,V30T,3.0,6,130.2,607.0,1071.5,3.509,FM-6.8,147,114.2,4B23B0,2024-01-10
CAL-00703,PX27,V35H,3.5,6,178.8,524.1,841.1,2.806,FM-7.7,100,105.3,BE3A4B,2025-12-21
CAL-00704,PX55,V50D,5.0,8,150.3,470.1,829.5,2.911,FM-8.7,107,127.9,406C04,2024-05-18
CAL-00705,PX26,B18T,1.8,4,128.8,210.1,406.2,3.094,FM-6.7,133,113.9,4C53C2,2024-10-27
CAL-00706,PX82,B20T,2.0,4,162.0,131.7,296.3,3.378,FM-10.1,150,112.9,724D3E,2026-06-22
CAL-00707,PX91,V35H,3.5,6,182.6,433.6,821.2,3.949,FM-6.3,128,122.3,EF2E70,2024-07-18
CAL-00708,PX79,V30T,3.0,6,154.9,467.8,1026.7,3.408,FM-13.5,160,112.4,C8D333,2024-07-20
CAL-00709,PX70,B20T,2.0,4,177.5,176.9,337.8,3.342,FM-9.4,155,119.5,72091B,2025-01-22
CAL-00710,PX40,V30T,3.0,6,145.3,270.8,465.5,3.695,FM-10.5,154,120.8,409167,2024-08-25
CAL-00711,PX35,V35H,3.5,6,165.5,704.1,1111.7,2.964,FM-13.0,129,106.5,9F005D,2025-08-14
CAL-00712,PX23,V50D,5.0,8,184.6,322.6,682.2,3.813,FM-4.7,134,109.8,D12794,2024-03-20
CAL-00713,PX94,V30T,3.0,6,101.1,412.2,862.1,4.041,FM-3.3,185,106.4,DE2C11,2024-02-08
CAL-00714,PX68,V30T,3.0,6,161.7,455.1,841.8,4.167,FM-13.2,146,112.1,99C0A9,2024-11-22
CAL-00715,PX21,B18T,1.8,4,178.7,299.7,485.6,3.843,FM-11.2,107,107.9,11AD18,2026-04-29
CAL-00716,PX75,V35H,3.5,6,116.9,682.4,1065.5,2.912,FM-9.8,145,110.0,0DA51C,2026-04-06
CAL-00717,PX54,V50D,5.0,8,172.4,344.2,593.2,3.742,FM-3.4,180,117.6,CFF2E4,2024-06-03
CAL-00718,PX57,B18T,1.8,4,144.5,210.5,461.0,3.911,FM-6.3,141,112.0,6284DC,2024-05-09
CAL-00719,PX21,V35H,3.5,6,174.7,327.4,710.0,3.599,FM-9.6,131,108.7,F7657C,2024-08-11
CAL-00720,PX90,V50D,5.0,8,86.0,488.4,835.7,3.891,FM-12.3,121,118.3,14D37A,2026-01-28
CAL-00721,PX93,B20T,2.0,4,130.6,448.8,707.6,3.610,FM-8.2,194,123.1,7950EC,2024-06-16
CAL-00722,PX52,B18T,1.8,4,107.3,257.8,439.5,3.554,FM-6.5,223,124.5,40E995,2025-07-08
CAL-00723,PX22,B18T,1.8,4,103.0,230.8,460.6,2.983,FM-4.2,131,122.3,1EE5C1,2026-04-28
CAL-00724,PX44,V30T,3.0,6,104.8,443.6,965.7,3.321,FM-5.7,142,117.7,5E917C,2025-07-29
CAL-00725,PX37,V35H,3.5,6,90.7,573.5,1003.5,3.615,FM-11.6,125,113.7,736707,2026-02-10
CAL-00726,PX83,V35H,3.5,6,160.2,317.3,715.1,3.654,FM-12.2,174,109.4,9467D7,2025-08-07
CAL-00727,PX84,V35H,3.5,6,91.4,492.6,817.3,4.220,FM-11.4,84,122.7,A241B2,2025-10-24
CAL-00728,PX32,V35H,3.5,6,182.2,390.6,583.2,3.672,FM-10.2,127,106.5,B29A32,2025-02-08
CAL-00729,PX97,B20T,2.0,4,96.6,396.0,620.8,3.031,FM-13.0,137,112.2,9423B3,2024-08-27
CAL-00730,PX22,V35H,3.5,6,102.9,594.3,896.7,2.943,FM-8.8,160,113.2,E468E5,2026-01-12
CAL-00731,PX54,B18T,1.8,4,159.8,215.8,383.4,3.120,FM-5.5,141,105.5,05BDC7,2026-04-22
CAL-00732,PX20,V30T,3.0,6,157.8,176.6,363.0,4.285,FM-8.2,141,113.4,76BDBD,2025-05-05
CAL-00733,PX57,V30T,3.0,6,183.7,271.8,611.2,2.902,FM-13.1,199,121.7,8040ED,2026-01-09
CAL-00734,PX68,B20T,2.0,4,150.1,424.1,717.1,3.583,FM-9.0,143,106.6,63F241,2024-10-02
CAL-00735,PX39,V50D,5.0,8,87.2,595.9,973.0,2.791,FM-13.4,136,108.8,B78D1C,2026-02-15
CAL-00736,PX44,B20T,2.0,4,159.9,333.6,545.8,3.750,FM-6.4,150,111.5,3815E6,2024-07-20
CAL-00737,PX73,V50D,5.0,8,108.9,531.7,956.3,4.127,FM-13.7,143,115.1,575088,2026-06-08
CAL-00738,PX92,B18T,1.8,4,112.7,259.4,585.4,2.853,FM-6.5,122,117.5,B140AF,2026-02-19
CAL-00739,PX73,V35H,3.5,6,148.3,703.0,1104.7,3.541,FM-11.6,122,118.3,4D5716,2024-02-24
CAL-00740,PX54,V50D,5.0,8,143.9,644.5,1136.7,3.746,FM-8.3,127,108.2,CD4E49,2025-01-31
CAL-00741,PX69,V50D,5.0,8,89.6,648.3,1018.6,4.092,FM-8.6,155,125.9,8E2518,2024-08-29
CAL-00742,PX85,B20T,2.0,4,116.8,166.6,252.3,4.115,FM-8.8,185,106.1,754510,2024-03-31
CAL-00743,PX28,V35H,3.5,6,117.1,603.5,1186.1,3.048,FM-8.7,165,116.5,698A33,2026-05-18
CAL-00744,PX88,B18T,1.8,4,102.9,236.3,452.5,3.501,FM-8.2,79,119.7,A170FD,2024-09-06
CAL-00745,PX89,V30T,3.0,6,123.7,502.2,1050.5,2.966,FM-7.5,160,115.1,B50E1E,2025-11-07
CAL-00746,PX98,V30T,3.0,6,145.4,439.0,797.1,3.910,FM-7.8,169,125.7,7E3E7B,2025-05-08
CAL-00747,PX36,B20T,2.0,4,143.9,222.0,426.3,4.294,FM-6.6,113,125.8,6DFF76,2026-03-22
CAL-00748,PX54,V35H,3.5,6,79.8,555.9,962.6,3.545,FM-3.4,155,122.6,4D170D,2026-02-04
CAL-00749,PX23,V30T,3.0,6,160.3,539.2,837.2,3.585,FM-4.3,170,114.7,6ADC8B,2024-10-16
CAL-00750,PX59,V35H,3.5,6,164.7,692.4,1179.7,2.999,FM-3.8,128,115.5,33D769,2026-02-07
CAL-00751,PX83,V30T,3.0,6,97.6,407.4,746.7,2.798,FM-11.5,135,117.8,C886BA,2026-04-03
CAL-00752,PX66,B20T,2.0,4,177.2,189.4,392.4,2.972,FM-10.3,145,122.6,1B51F5,2026-04-03
CAL-00753,PX96,V35H,3.5,6,167.3,315.3,543.9,3.517,FM-8.7,57,109.1,E35B72,2024-06-02
CAL-00754,PX44,V30T,3.0,6,117.9,352.0,721.5,2.985,FM-4.2,133,120.8,49DD06,2026-06-08
CAL-00755,PX91,B20T,2.0,4,121.4,165.8,365.6,4.035,FM-6.1,181,107.1,D768C9,2024-03-15
CAL-00756,PX59,V35H,3.5,6,152.3,548.8,876.5,3.532,FM-3.7,185,123.9,3D0B23,2026-03-19
CAL-00757,PX46,V35H,3.5,6,158.9,640.9,998.1,3.685,FM-8.2,172,118.0,6B01A6,2024-02-11
CAL-00758,PX56,V30T,3.0,6,114.6,285.9,521.0,2.764,FM-11.4,150,107.8,F8D000,2024-11-28
CAL-00759,PX58,V35H,3.5,6,154.0,408.7,742.7,3.595,FM-10.2,112,123.8,6E3E22,2025-09-22
CAL-00760,PX90,V50D,5.0,8,181.3,914.3,1749.2,3.385,FM-9.7,127,122.3,C535D4,2024-11-25
CAL-00761,PX77,V30T,3.0,6,84.5,407.2,900.1,2.962,FM-6.0,115,117.1,7C4D22,2025-08-22
CAL-00762,PX74,V30T,3.0,6,95.1,245.8,511.4,3.409,FM-6.4,83,122.9,B79AA5,2025-03-24
CAL-00763,PX58,B18T,1.8,4,89.8,192.4,383.4,4.013,FM-9.7,226,124.4,8B2569,2024-03-27
CAL-00764,PX32,B18T,1.8,4,114.3,330.1,642.8,3.156,FM-7.0,139,115.3,E0B15E,2024-03-01
CAL-00765,PX22,V30T,3.0,6,78.1,538.9,928.4,3.883,FM-4.1,66,119.8,A178E1,2025-11-28
CAL-00766,PX68,B20T,2.0,4,96.7,167.5,281.1,4.040,FM-12.4,153,114.2,A0E2A1,2024-01-17
CAL-00767,PX83,V30T,3.0,6,91.8,528.3,975.9,3.597,FM-10.4,113,114.7,07B324,2025-11-03
CAL-00768,PX50,V30T,3.0,6,135.7,329.6,508.1,3.817,FM-6.5,152,115.6,C9DF08,2025-04-06
CAL-00769,PX52,V35H,3.5,6,106.0,373.2,734.0,3.743,FM-11.1,147,117.2,453003,2024-06-17
CAL-00770,PX51,V35H,3.5,6,134.4,615.8,985.1,3.599,FM-5.7,155,127.1,9E2F7B,2026-02-03
CAL-00771,PX91,V50D,5.0,8,126.5,595.6,962.3,3.375,FM-12.2,169,106.8,C856B1,2024-07-16
CAL-00772,PX68,V35H,3.5,6,150.0,447.8,810.0,3.189,FM-6.6,192,118.9,5A538F,2024-02-07
CAL-00773,PX69,B18T,1.8,4,140.8,287.6,444.0,4.067,FM-7.3,145,105.4,F57342,2026-02-06
CAL-00774,PX64,B18T,1.8,4,140.4,117.7,234.4,3.605,FM-9.1,192,107.3,7D9CEF,2026-02-15
CAL-00775,PX36,B20T,2.0,4,173.4,305.4,624.2,3.775,FM-6.8,193,123.3,2322FD,2024-08-03
CAL-00776,PX23,V50D,5.0,8,96.9,986.2,1734.6,3.627,FM-4.5,127,114.5,6E757A,2025-09-04
CAL-00777,PX36,V35H,3.5,6,152.3,340.9,529.9,3.021,FM-9.1,127,123.2,99E9F2,2026-01-20
CAL-00778,PX95,V30T,3.0,6,162.5,211.2,400.0,3.143,FM-4.0,116,105.9,5F52F2,2026-04-01
CAL-00779,PX98,B20T,2.0,4,179.3,152.2,329.3,3.446,FM-4.1,156,120.9,9638D3,2025-04-29
CAL-00780,PX65,B20T,2.0,4,170.6,397.4,610.6,3.197,FM-5.3,152,110.7,FD372B,2025-02-06
CAL-00781,PX98,V30T,3.0,6,79.5,482.6,991.8,4.274,FM-4.3,90,111.1,968DAE,2024-03-19
CAL-00782,PX63,V50D,5.0,8,160.8,928.8,1744.1,4.086,FM-10.7,144,119.0,F92414,2026-01-21
CAL-00783,PX66,B18T,1.8,4,129.2,140.1,313.5,3.362,FM-13.7,151,110.5,46349C,2026-04-10
CAL-00784,PX45,B18T,1.8,4,138.3,310.9,643.0,2.993,FM-7.4,149,122.9,9E3855,2025-12-08
CAL-00785,PX66,V35H,3.5,6,167.6,481.1,1066.5,2.735,FM-8.7,141,121.5,F7661F,2024-09-30
CAL-00786,PX71,B20T,2.0,4,81.5,259.7,400.0,2.724,FM-3.3,177,109.8,52A3E8,2025-08-22
CAL-00787,PX98,B20T,2.0,4,86.9,113.5,256.0,4.254,FM-12.0,171,106.4,A724CF,2024-10-08
CAL-00788,PX98,V35H,3.5,6,157.4,618.4,1037.1,2.900,FM-12.7,176,121.7,366FD9,2024-11-25
CAL-00789,PX46,V35H,3.5,6,98.5,478.1,716.6,3.417,FM-3.8,143,115.5,EC317D,2025-11-12
CAL-00790,PX23,V35H,3.5,6,96.9,605.1,1034.6,3.784,FM-5.2,136,113.6,B197FA,2024-05-08
CAL-00791,PX73,B18T,1.8,4,165.9,356.7,628.5,3.949,FM-8.2,193,108.0,04A29A,2026-03-20
CAL-00792,PX77,V50D,5.0,8,107.2,792.4,1281.2,2.912,FM-8.6,142,114.6,829C97,2025-09-06
CAL-00793,PX96,V50D,5.0,8,151.1,327.2,596.8,3.185,FM-12.7,122,118.3,9BC019,2024-08-12
CAL-00794,PX35,V35H,3.5,6,81.9,426.9,730.7,3.101,FM-9.5,114,112.7,1576F2,2024-01-27
CAL-00795,PX62,V30T,3.0,6,83.4,474.5,768.0,4.151,FM-10.3,160,117.9,D244FC,2026-02-01
CAL-00796,PX81,B18T,1.8,4,173.5,141.5,247.6,2.839,FM-11.1,171,109.3,E00A82,2026-03-28
CAL-00797,PX79,V50D,5.0,8,98.1,646.3,1037.7,3.129,FM-9.4,116,110.4,C4DFE1,2025-03-26
CAL-00798,PX71,B20T,2.0,4,90.5,323.2,543.9,3.625,FM-9.6,128,106.2,F6C2A3,2025-07-06
CAL-00799,PX96,B18T,1.8,4,166.7,269.5,512.3,3.184,FM-12.6,138,110.1,3EDD73,2024-09-24
CAL-00800,PX47,B18T,1.8,4,110.4,294.4,557.7,3.642,FM-10.6,160,115.5,D085FE,2024-11-03
CAL-00801,PX92,V50D,5.0,8,92.9,795.7,1319.3,3.395,FM-9.2,137,109.9,D419FD,2024-12-29
CAL-00802,PX68,B18T,1.8,4,89.9,386.9,617.3,3.611,FM-7.2,132,123.7,B0ADEE,2025-09-06
CAL-00803,PX63,B20T,2.0,4,123.6,212.2,386.5,3.090,FM-4.4,145,105.9,21DD94,2024-02-13
CAL-00804,PX59,B18T,1.8,4,107.0,237.6,460.4,3.302,FM-10.6,134,121.0,0FCD6F,2026-04-08
CAL-00805,PX73,V35H,3.5,6,184.3,291.1,606.9,4.206,FM-7.5,132,106.6,BC78E0,2024-12-29
CAL-00806,PX75,V35H,3.5,6,123.0,541.9,833.0,2.801,FM-10.2,105,127.8,D6E25B,2025-08-27
CAL-00807,PX85,B18T,1.8,4,125.2,194.5,357.7,3.029,FM-9.5,159,121.9,4C76F8,2025-09-05
CAL-00808,PX57,V35H,3.5,6,137.8,630.0,1055.1,3.468,FM-9.6,128,113.1,9FF03D,2024-08-10
CAL-00809,PX56,V35H,3.5,6,160.1,653.0,1206.3,3.543,FM-5.7,140,122.1,E0DCA6,2025-08-22
CAL-00810,PX58,B20T,2.0,4,147.6,182.9,275.3,2.861,FM-6.8,125,114.1,B924CF,2024-12-28
CAL-00811,PX25,V35H,3.5,6,84.6,225.1,428.5,3.730,FM-10.2,189,108.9,37AA08,2024-10-29
CAL-00812,PX30,V35H,3.5,6,83.2,381.8,678.8,3.668,FM-3.7,183,123.1,78B9B9,2025-07-29
CAL-00813,PX81,B20T,2.0,4,90.3,168.5,264.0,2.972,FM-6.3,134,110.8,786243,2025-12-26
CAL-00814,PX25,B20T,2.0,4,163.9,254.4,431.9,4.150,FM-7.1,162,112.4,21CC63,2025-06-30
CAL-00815,PX54,V35H,3.5,6,104.4,715.0,1160.3,3.199,FM-7.8,151,120.7,571786,2026-03-31
CAL-00816,PX36,V30T,3.0,6,151.0,324.6,732.5,2.938,FM-11.1,139,120.2,801E3E,2025-09-24
CAL-00817,PX93,V30T,3.0,6,112.6,165.9,358.0,3.287,FM-11.4,157,113.9,BA9625,2025-05-30
CAL-00818,PX71,V30T,3.0,6,122.9,387.6,850.6,2.727,FM-8.5,194,109.5,7C2F7C,2024-12-30
CAL-00819,PX55,B18T,1.8,4,149.0,124.3,213.9,3.426,FM-12.5,110,113.8,1C1CC6,2026-06-29
CAL-00820,PX67,B18T,1.8,4,131.6,361.5,593.6,4.219,FM-4.6,145,108.8,98DD73,2026-02-16
CAL-00821,PX38,B18T,1.8,4,175.9,285.4,508.4,3.766,FM-8.7,122,111.2,219CA5,2025-05-22
CAL-00822,PX77,V50D,5.0,8,160.3,451.9,674.3,4.221,FM-6.2,117,118.6,CD1DC5,2025-02-01
CAL-00823,PX87,V30T,3.0,6,164.2,221.8,444.6,3.333,FM-6.8,70,124.0,3B7914,2026-01-05
CAL-00824,PX63,B18T,1.8,4,179.0,214.2,453.0,2.998,FM-8.5,123,105.8,9058B3,2026-02-16
CAL-00825,PX72,V50D,5.0,8,84.8,541.9,991.0,3.619,FM-9.6,143,121.7,EE4017,2024-11-08
CAL-00826,PX30,V35H,3.5,6,111.6,490.2,1064.4,3.202,FM-4.7,118,123.3,0022CF,2024-06-30
CAL-00827,PX28,B18T,1.8,4,169.9,180.4,310.3,2.759,FM-11.5,85,108.4,E43E02,2026-06-29
CAL-00828,PX70,V30T,3.0,6,151.1,534.4,915.5,2.797,FM-10.3,151,111.2,D74846,2026-04-11
CAL-00829,PX36,V50D,5.0,8,141.2,722.7,1239.4,2.735,FM-11.8,150,122.8,4A359F,2026-05-21
CAL-00830,PX71,V35H,3.5,6,92.1,512.6,845.3,3.268,FM-7.7,161,109.6,9FC41C,2025-09-29
CAL-00831,PX45,V50D,5.0,8,125.6,888.7,1418.2,3.485,FM-13.2,148,110.9,E2596A,2025-07-15
CAL-00832,PX53,B20T,2.0,4,162.5,199.4,450.5,3.918,FM-8.4,130,115.4,23461E,2026-06-06
CAL-00833,PX78,B20T,2.0,4,180.4,120.3,247.5,3.366,FM-10.3,108,113.4,D60707,2024-06-08
CAL-00834,PX50,B18T,1.8,4,144.4,341.1,582.6,3.101,FM-11.7,177,115.9,E77141,2026-05-21
CAL-00835,PX69,V30T,3.0,6,118.8,628.2,1041.9,2.827,FM-8.1,125,107.0,A8D43B,2024-07-13
CAL-00836,PX48,B18T,1.8,4,127.2,278.9,631.9,4.175,FM-8.6,72,105.9,4BDC2D,2025-10-30
CAL-00837,PX40,B18T,1.8,4,82.8,204.8,346.9,4.215,FM-6.1,126,121.5,16E9F0,2024-10-23
CAL-00838,PX74,V35H,3.5,6,103.2,309.5,626.7,2.739,FM-7.8,172,118.6,A9DD01,2024-09-26
CAL-00839,PX70,V30T,3.0,6,122.5,477.9,972.7,3.652,FM-8.2,170,105.8,EE9C82,2026-03-03
CAL-00840,PX59,V50D,5.0,8,112.9,311.6,599.1,2.905,FM-11.2,171,120.3,DD8E82,2024-11-12
CAL-00841,PX23,B18T,1.8,4,99.2,361.4,611.5,2.981,FM-12.6,182,112.3,DA0744,2024-12-09
CAL-00842,PX43,B18T,1.8,4,134.0,138.5,310.3,3.724,FM-4.8,138,126.7,AF1999,2025-11-26
CAL-00843,PX22,B18T,1.8,4,108.5,238.7,477.9,3.653,FM-13.3,92,113.9,BDA891,2025-01-16
CAL-00844,PX73,B18T,1.8,4,167.0,165.7,289.8,3.386,FM-11.2,107,124.6,E654EC,2026-05-04
CAL-00845,PX68,V50D,5.0,8,106.3,1076.1,1762.9,2.785,FM-5.2,186,114.4,340E25,2026-02-20
CAL-00846,PX39,V35H,3.5,6,82.2,408.9,660.9,3.007,FM-7.2,174,115.2,9E0D8A,2025-01-04
CAL-00847,PX88,V30T,3.0,6,83.5,537.1,814.4,2.902,FM-13.1,164,121.6,D53ED4,2025-09-04
CAL-00848,PX49,V30T,3.0,6,120.1,477.4,847.5,4.281,FM-11.4,136,123.2,9E217F,2026-07-03
CAL-00849,PX77,V35H,3.5,6,138.8,301.0,589.6,4.037,FM-7.8,173,116.2,23B7C0,2024-07-18
CAL-00850,PX42,V50D,5.0,8,173.2,1126.2,1776.2,2.920,FM-10.6,89,105.2,9BADA1,2024-12-29
CAL-00851,PX79,V50D,5.0,8,167.2,530.7,1082.3,3.486,FM-5.8,130,114.3,CB0D62,2024-05-12
CAL-00852,PX85,V30T,3.0,6,153.9,434.2,909.6,2.908,FM-6.8,168,126.7,13B9B1,2025-04-27
CAL-00853,PX44,V35H,3.5,6,178.8,529.2,1147.9,3.202,FM-11.5,199,124.2,2796B3,2026-01-30
CAL-00854,PX47,V30T,3.0,6,78.1,275.9,492.0,2.726,FM-11.4,101,120.7,279458,2026-04-17
CAL-00855,PX77,V35H,3.5,6,87.2,491.2,951.0,3.015,FM-13.0,95,107.9,F82B2D,2026-05-08
CAL-00856,PX71,V50D,5.0,8,88.6,286.6,599.4,3.448,FM-6.8,146,121.7,C217F3,2024-01-25
CAL-00857,PX48,B20T,2.0,4,130.7,333.7,631.6,4.195,FM-3.3,130,115.3,C685A4,2024-09-05
CAL-00858,PX41,V30T,3.0,6,106.7,454.6,930.3,4.083,FM-12.8,135,125.8,866572,2025-01-23
CAL-00859,PX93,V50D,5.0,8,162.7,625.0,1150.8,3.847,FM-11.7,162,113.7,820DE8,2024-06-29
CAL-00860,PX33,V35H,3.5,6,157.0,224.3,455.0,4.104,FM-10.0,98,106.7,E8B546,2024-11-16
CAL-00861,PX47,V30T,3.0,6,86.4,337.7,547.8,2.781,FM-11.7,201,115.7,A4DF36,2024-10-22
CAL-00862,PX85,V30T,3.0,6,91.6,346.4,608.4,4.070,FM-11.1,96,106.1,0B4C93,2025-03-02
CAL-00863,PX61,V50D,5.0,8,128.0,581.0,961.8,2.757,FM-7.3,182,122.6,1BABC9,2024-06-24
CAL-00864,PX30,B20T,2.0,4,157.2,156.2,269.1,3.183,FM-13.5,150,121.9,0A04F4,2025-07-03
CAL-00865,PX91,V35H,3.5,6,155.2,515.6,796.6,3.255,FM-6.3,123,122.2,BA90CF,2025-08-10
CAL-00866,PX22,V50D,5.0,8,160.8,360.9,714.1,3.309,FM-12.4,107,117.7,9E6A5F,2024-11-29
CAL-00867,PX97,V35H,3.5,6,165.2,704.9,1226.7,2.965,FM-5.8,166,114.1,89DBA6,2024-01-04
CAL-00868,PX93,B20T,2.0,4,134.1,257.8,408.9,3.928,FM-11.6,112,105.3,3C8EF7,2024-05-22
CAL-00869,PX87,V30T,3.0,6,160.4,481.5,984.1,4.286,FM-13.6,170,105.4,9BC016,2026-03-29
CAL-00870,PX86,B18T,1.8,4,81.0,118.6,246.0,3.994,FM-12.5,94,124.9,62D9C6,2024-01-31
CAL-00871,PX66,V30T,3.0,6,182.1,362.7,541.6,3.821,FM-4.5,160,113.0,70E452,2025-03-11
CAL-00872,PX41,V30T,3.0,6,151.2,229.4,467.0,3.089,FM-8.6,184,112.4,0C2875,2026-06-11
CAL-00873,PX98,B18T,1.8,4,96.8,329.0,575.5,2.764,FM-10.7,103,112.2,0C0F44,2024-05-24
CAL-00874,PX44,V35H,3.5,6,162.2,528.3,1063.8,4.203,FM-4.0,152,122.3,61E5E2,2026-02-05
CAL-00875,PX51,B18T,1.8,4,93.6,334.1,629.3,3.122,FM-10.3,155,108.7,F3995F,2026-02-05
CAL-00876,PX49,V30T,3.0,6,112.7,489.7,785.9,3.052,FM-5.2,164,106.6,823810,2026-03-30
CAL-00877,PX85,V50D,5.0,8,93.0,1026.9,1743.0,4.250,FM-9.8,112,118.1,146E46,2024-07-02
CAL-00878,PX28,V30T,3.0,6,152.2,363.9,748.8,3.214,FM-6.7,123,117.0,8CC476,2024-07-10
CAL-00879,PX40,B18T,1.8,4,169.8,178.4,274.6,3.550,FM-12.8,100,124.4,DB7834,2025-09-09
CAL-00880,PX60,B18T,1.8,4,106.6,233.4,406.3,2.893,FM-4.7,174,115.1,75B968,2026-02-21
CAL-00881,PX48,V35H,3.5,6,118.8,375.8,804.6,3.768,FM-10.7,171,123.1,851F60,2025-06-13
CAL-00882,PX69,V35H,3.5,6,85.8,700.0,1211.4,3.444,FM-8.0,180,119.7,86105C,2026-06-23
CAL-00883,PX58,B18T,1.8,4,118.9,283.0,520.7,3.278,FM-6.6,114,107.6,186FB2,2024-11-17
CAL-00884,PX30,V30T,3.0,6,123.0,574.2,863.3,3.348,FM-12.4,178,125.2,41CAE9,2026-02-23
CAL-00885,PX26,V35H,3.5,6,127.7,322.7,706.8,2.897,FM-13.4,160,126.5,D57596,2026-06-04
CAL-00886,PX30,V50D,5.0,8,119.9,866.9,1303.1,3.437,FM-8.2,77,109.6,2F12C6,2024-04-30
CAL-00887,PX40,V30T,3.0,6,152.3,417.2,725.2,3.457,FM-7.2,108,114.0,735AE5,2026-05-09
CAL-00888,PX39,B18T,1.8,4,140.9,285.2,447.1,2.910,FM-11.2,158,124.3,575A6C,2026-07-05
CAL-00889,PX90,V35H,3.5,6,83.6,439.0,928.3,3.436,FM-10.1,224,118.1,D75471,2025-07-31
CAL-00890,PX87,V30T,3.0,6,148.7,256.6,532.5,3.841,FM-4.6,95,124.4,0B32B9,2024-01-10
CAL-00891,PX79,V30T,3.0,6,86.1,268.5,610.0,3.335,FM-13.3,164,122.7,221F85,2026-05-01
CAL-00892,PX29,V30T,3.0,6,137.8,336.4,685.9,4.284,FM-13.8,125,125.5,1FB939,2024-11-03
CAL-00893,PX48,V50D,5.0,8,142.2,480.0,897.4,3.028,FM-5.8,151,110.9,BFC229,2024-08-04
CAL-00894,PX48,V50D,5.0,8,141.2,579.5,1280.3,3.308,FM-9.1,136,109.4,D4B2A9,2024-09-19
CAL-00895,PX97,V30T,3.0,6,78.3,260.9,481.3,3.574,FM-11.8,135,124.2,524141,2026-01-09
CAL-00896,PX33,V50D,5.0,8,136.2,381.6,826.2,3.206,FM-9.8,117,122.1,2ADDDD,2024-11-14
CAL-00897,PX30,V50D,5.0,8,97.4,491.4,774.7,3.157,FM-9.1,117,122.7,78B809,2025-08-13
CAL-00898,PX27,V50D,5.0,8,158.2,971.6,1667.9,3.502,FM-8.2,94,118.2,26B724,2025-11-12
CAL-00899,PX20,V50D,5.0,8,140.1,821.8,1500.5,3.505,FM-11.1,138,124.9,D71252,2025-08-14
CAL-00900,PX59,V30T,3.0,6,92.3,173.9,341.6,4.297,FM-7.3,101,120.7,61F773,2024-03-24
CAL-00901,PX90,B18T,1.8,4,99.3,175.3,271.7,3.614,FM-10.0,162,122.0,4C63A9,2026-01-30
CAL-00902,PX51,B18T,1.8,4,102.8,325.5,570.2,3.859,FM-4.3,105,126.3,E4AE4D,2026-04-12
CAL-00903,PX76,B18T,1.8,4,96.6,361.7,543.9,4.262,FM-11.4,134,117.7,345FA1,2024-02-23
CAL-00904,PX67,V30T,3.0,6,145.4,612.5,1053.3,3.903,FM-13.6,128,124.7,70EA13,2026-03-24
CAL-00905,PX28,V30T,3.0,6,159.9,291.9,534.9,3.848,FM-13.1,131,126.7,214696,2025-08-25
CAL-00906,PX81,V30T,3.0,6,80.5,514.0,955.3,4.073,FM-7.1,49,115.1,DA83E6,2025-02-01
CAL-00907,PX26,V50D,5.0,8,141.2,625.0,1228.5,3.668,FM-13.7,153,119.8,05C673,2024-10-15
CAL-00908,PX20,V50D,5.0,8,98.4,336.0,582.5,3.846,FM-3.8,153,119.3,94F1BE,2024-01-17
CAL-00909,PX85,V35H,3.5,6,105.3,498.1,893.0,2.950,FM-5.6,181,117.8,F36EF4,2024-10-21
CAL-00910,PX23,V30T,3.0,6,88.3,469.2,921.1,4.285,FM-9.1,169,112.0,19DE0D,2026-05-10
CAL-00911,PX62,V30T,3.0,6,138.4,340.9,521.4,2.903,FM-12.1,178,109.9,5B3136,2024-09-02
CAL-00912,PX96,B18T,1.8,4,133.9,255.1,462.1,3.488,FM-10.2,171,117.9,D187ED,2025-11-29
CAL-00913,PX28,V35H,3.5,6,125.4,484.0,915.2,3.060,FM-5.3,148,107.2,92AF6D,2025-04-06
CAL-00914,PX79,B18T,1.8,4,122.0,324.2,631.0,2.972,FM-10.5,140,119.7,E9402C,2025-03-27
CAL-00915,PX54,B18T,1.8,4,101.1,218.0,325.8,2.759,FM-5.2,87,122.9,575CE9,2024-05-11
CAL-00916,PX80,V50D,5.0,8,161.3,451.3,905.9,3.251,FM-4.2,86,112.6,1685F3,2025-04-05
CAL-00917,PX29,V50D,5.0,8,122.6,569.0,897.1,2.857,FM-5.1,117,119.3,BB362B,2025-09-02
CAL-00918,PX26,V35H,3.5,6,125.9,692.6,1227.0,3.683,FM-8.1,116,107.0,D11277,2025-01-01
CAL-00919,PX67,B20T,2.0,4,89.7,314.1,473.7,3.948,FM-12.2,110,107.3,E996E1,2026-01-28
CAL-00920,PX52,V50D,5.0,8,85.9,358.2,785.6,2.893,FM-12.7,162,111.1,91A746,2025-08-19
CAL-00921,PX87,B18T,1.8,4,95.6,304.4,561.8,3.576,FM-9.8,121,107.6,000888,2026-05-06
CAL-00922,PX65,V35H,3.5,6,98.8,278.8,452.5,3.007,FM-13.4,175,105.1,AD046B,2026-02-03
CAL-00923,PX88,V50D,5.0,8,133.8,841.7,1585.4,3.279,FM-5.5,122,114.1,99FF71,2026-02-17
CAL-00924,PX31,V30T,3.0,6,147.3,522.6,1003.5,3.076,FM-6.1,114,117.1,8F417D,2025-08-06
CAL-00925,PX96,V50D,5.0,8,159.7,448.7,813.9,2.816,FM-12.5,189,127.1,D08840,2024-03-07
CAL-00926,PX45,V50D,5.0,8,183.4,506.9,843.9,3.342,FM-12.1,114,114.2,E4CF8D,2024-07-01
CAL-00927,PX52,V35H,3.5,6,81.2,743.3,1186.2,3.801,FM-13.1,153,108.8,E01380,2025-04-12
CAL-00928,PX78,B18T,1.8,4,153.6,285.7,518.9,3.355,FM-3.1,162,119.5,70D598,2025-10-09
CAL-00929,PX90,V50D,5.0,8,171.0,1009.0,1740.4,2.887,FM-3.8,191,117.6,A9AD04,2026-02-14
CAL-00930,PX21,V30T,3.0,6,183.0,328.2,629.6,4.040,FM-12.2,164,107.9,F12C4D,2024-09-14
CAL-00931,PX81,V50D,5.0,8,87.1,770.1,1221.1,4.308,FM-7.7,114,110.5,2B0658,2025-11-25
CAL-00932,PX49,V50D,5.0,8,181.4,496.9,938.5,4.187,FM-4.4,125,111.8,36FC15,2026-06-02
CAL-00933,PX74,V30T,3.0,6,157.7,360.6,735.0,3.036,FM-7.4,191,123.0,90D52C,2025-06-12
CAL-00934,PX32,B18T,1.8,4,97.4,253.3,381.6,3.011,FM-12.0,60,112.4,901940,2026-04-22
CAL-00935,PX33,B20T,2.0,4,116.0,442.4,685.0,3.570,FM-9.1,115,127.7,77C830,2026-05-16
CAL-00936,PX57,B18T,1.8,4,120.6,199.1,328.8,3.498,FM-7.4,137,122.7,08DF7C,2024-06-01
CAL-00937,PX58,B20T,2.0,4,137.1,225.7,364.5,3.627,FM-7.0,160,113.4,3DE2C5,2024-08-30
CAL-00938,PX32,B18T,1.8,4,183.9,178.7,351.4,4.112,FM-11.1,100,110.0,D912A8,2026-04-01
CAL-00939,PX40,V30T,3.0,6,84.7,588.0,879.4,4.173,FM-5.3,155,125.7,D6A53B,2026-02-12
CAL-00940,PX53,B20T,2.0,4,111.4,123.8,239.8,3.112,FM-9.8,109,106.6,2F4CB1,2025-12-05
CAL-00941,PX44,V50D,5.0,8,134.1,940.4,1655.0,3.424,FM-8.3,168,117.5,5C0D9A,2024-11-21
CAL-00942,PX49,V30T,3.0,6,117.4,512.3,1014.9,3.439,FM-7.3,121,105.6,A284B6,2025-11-22
CAL-00943,PX27,B18T,1.8,4,92.2,232.5,367.2,4.251,FM-7.3,150,123.6,7B83DD,2024-12-08
CAL-00944,PX69,B20T,2.0,4,147.3,142.4,265.7,3.686,FM-3.2,189,126.9,17C3BB,2025-04-09
CAL-00945,PX89,B18T,1.8,4,89.6,154.7,278.2,3.821,FM-7.5,91,110.8,D71879,2025-03-09
CAL-00946,PX89,V50D,5.0,8,175.9,717.2,1275.7,2.733,FM-13.5,137,110.8,368C91,2024-06-25
CAL-00947,PX20,V50D,5.0,8,178.0,713.7,1318.8,3.612,FM-5.7,129,119.4,9EC8F7,2024-05-04
CAL-00948,PX80,V30T,3.0,6,172.8,285.0,471.0,3.860,FM-12.7,152,114.2,8744D8,2025-01-10
CAL-00949,PX76,V35H,3.5,6,137.9,330.1,713.0,4.131,FM-3.0,129,113.2,DA8FEF,2024-09-02
CAL-00950,PX35,V30T,3.0,6,87.9,538.2,927.5,3.175,FM-10.2,179,124.4,A56E1F,2025-07-05
CAL-00951,PX72,V30T,3.0,6,152.2,318.6,515.0,3.489,FM-8.8,160,120.8,7AE52D,2025-05-02
CAL-00952,PX29,V30T,3.0,6,140.9,274.4,465.1,3.698,FM-3.0,159,107.9,BE7BD3,2025-07-21
CAL-00953,PX76,V35H,3.5,6,143.6,810.1,1228.3,3.174,FM-8.7,93,123.1,31DC96,2026-01-08
CAL-00954,PX20,V35H,3.5,6,149.9,352.8,574.4,2.910,FM-7.2,108,117.9,A132ED,2024-01-27
CAL-00955,PX24,V30T,3.0,6,181.7,416.3,628.6,2.728,FM-13.6,127,114.7,2209B9,2024-01-15
CAL-00956,PX32,B18T,1.8,4,80.9,203.8,422.9,3.587,FM-7.3,123,123.5,FF8621,2024-12-16
CAL-00957,PX92,V50D,5.0,8,161.4,836.2,1690.3,2.814,FM-8.4,123,114.6,E0A123,2025-06-13
CAL-00958,PX61,B20T,2.0,4,98.0,242.3,378.5,3.174,FM-4.6,164,111.3,8BDD03,2025-03-02
CAL-00959,PX47,V30T,3.0,6,130.4,558.1,942.4,3.444,FM-12.6,183,109.8,0F4DD7,2026-03-31
CAL-00960,PX67,V50D,5.0,8,91.2,662.3,1365.3,2.913,FM-10.6,154,111.7,CF4455,2024-05-11
CAL-00961,PX55,V35H,3.5,6,117.5,461.8,952.5,3.518,FM-4.7,218,110.1,6DD348,2024-12-08
CAL-00962,PX22,B18T,1.8,4,138.1,222.7,344.4,3.608,FM-6.8,167,113.5,7C1092,2024-09-08
CAL-00963,PX98,V50D,5.0,8,178.0,775.7,1395.4,3.545,FM-8.5,225,121.3,AEE5F1,2024-12-08
CAL-00964,PX58,B20T,2.0,4,179.6,297.6,574.9,4.150,FM-6.8,157,125.5,868E9A,2024-09-04
CAL-00965,PX50,B18T,1.8,4,176.5,152.9,237.7,2.913,FM-5.4,188,121.5,DC4751,2025-08-05
CAL-00966,PX61,B20T,2.0,4,150.3,375.7,563.6,3.220,FM-12.8,111,121.2,203542,2025-12-12
CAL-00967,PX21,V30T,3.0,6,132.5,279.6,432.4,2.825,FM-13.3,179,110.4,76C5C8,2024-03-09
CAL-00968,PX90,V50D,5.0,8,136.0,514.7,833.3,3.307,FM-11.8,119,126.5,31B237,2024-08-29
CAL-00969,PX93,B18T,1.8,4,130.4,214.9,440.9,4.069,FM-13.1,172,125.8,472CA4,2025-10-03
CAL-00970,PX33,V30T,3.0,6,106.9,382.5,577.2,3.680,FM-12.1,127,113.3,72352B,2024-08-05
CAL-00971,PX70,B18T,1.8,4,83.1,139.4,259.4,3.332,FM-5.3,179,123.3,EE6760,2025-07-05
CAL-00972,PX98,V35H,3.5,6,135.2,318.5,622.5,3.224,FM-9.4,148,114.4,DA6ADC,2024-06-01
CAL-00973,PX92,B18T,1.8,4,132.8,237.9,377.5,3.587,FM-10.4,147,126.7,3A766E,2025-04-28
CAL-00974,PX70,B20T,2.0,4,81.2,236.5,467.9,4.172,FM-3.8,160,105.1,52B725,2025-06-08
CAL-00975,PX94,B20T,2.0,4,119.0,194.3,437.2,3.125,FM-10.7,149,106.1,89D020,2024-08-19
CAL-00976,PX70,V35H,3.5,6,93.0,495.9,872.5,2.943,FM-5.3,85,111.2,187B22,2025-04-16
CAL-00977,PX25,B18T,1.8,4,151.9,324.0,587.7,4.224,FM-7.8,120,109.6,5E447B,2024-10-27
CAL-00978,PX82,V50D,5.0,8,120.3,599.6,1249.2,3.412,FM-8.5,158,119.7,C3469A,2024-08-05
CAL-00979,PX29,B20T,2.0,4,140.2,227.0,438.5,3.340,FM-9.8,153,108.8,593275,2024-10-22
CAL-00980,PX87,B18T,1.8,4,106.8,363.0,631.0,3.256,FM-8.7,145,127.1,8DBD0B,2025-04-04
CAL-00981,PX63,B18T,1.8,4,154.0,261.5,441.8,3.896,FM-13.3,195,118.4,2D83FD,2025-04-23
CAL-00982,PX83,V35H,3.5,6,181.1,708.7,1204.1,3.630,FM-13.7,172,125.1,600119,2024-04-28
CAL-00983,PX91,V35H,3.5,6,143.1,181.0,387.4,3.768,FM-4.2,114,115.8,897D11,2024-02-19
CAL-00984,PX42,V50D,5.0,8,178.3,461.0,925.9,4.115,FM-12.3,145,125.2,5D00C3,2024-08-27
CAL-00985,PX94,B20T,2.0,4,95.4,275.5,453.5,3.062,FM-7.0,88,124.1,7F5A1D,2024-07-22
CAL-00986,PX44,B18T,1.8,4,112.7,343.5,625.5,4.030,FM-3.3,127,117.0,5FE245,2026-01-17
CAL-00987,PX47,V35H,3.5,6,151.4,326.3,603.7,3.815,FM-9.7,110,110.7,0DD0D5,2024-07-08
CAL-00988,PX68,V35H,3.5,6,114.4,506.3,1121.4,3.056,FM-6.3,178,112.0,F73035,2026-05-11
CAL-00989,PX87,V50D,5.0,8,80.8,931.4,1397.1,3.220,FM-6.0,131,127.4,FC658E,2025-01-28
CAL-00990,PX72,B18T,1.8,4,175.2,295.3,607.4,2.903,FM-4.3,132,109.2,5A9E57,2024-05-22
CAL-00991,PX27,B18T,1.8,4,140.1,171.4,278.0,3.219,FM-3.3,124,121.2,D9F9BC,2025-01-05
CAL-00992,PX75,V50D,5.0,8,141.3,494.2,791.9,4.306,FM-8.5,156,108.2,D9FB0B,2025-08-18
CAL-00993,PX48,V50D,5.0,8,156.1,856.9,1331.0,3.883,FM-7.2,158,108.5,0009C5,2024-10-22
CAL-00994,PX41,B18T,1.8,4,182.7,359.6,610.2,3.855,FM-10.0,127,119.4,BA139E,2025-08-30
CAL-00995,PX80,B20T,2.0,4,103.1,374.2,624.8,3.312,FM-13.4,129,117.6,5FD57B,2026-02-08
CAL-00996,PX87,V35H,3.5,6,114.4,428.0,700.4,3.571,FM-12.5,189,116.6,82CD57,2024-09-10
CAL-00997,PX78,B18T,1.8,4,142.1,130.6,252.5,3.614,FM-13.2,157,121.9,E19B87,2026-01-26
CAL-00998,PX54,V50D,5.0,8,102.9,477.4,1021.1,3.798,FM-3.6,96,117.0,56DA57,2025-09-27
CAL-00999,PX79,B18T,1.8,4,125.0,124.2,262.0,3.743,FM-9.1,94,119.6,E24EDD,2025-03-07
CAL-01000,PX80,V35H,3.5,6,89.0,262.7,542.5,3.897,FM-12.1,207,123.8,7A9A99,2025-10-09
