lot_id,plant_code,line_id,shift,build_date,units_inspected,torque_rework_ppm,paint_defect_ppm,gap_flush_mean_mm,end_of_line_pass_rate_pct,water_leak_failures,battery_health_score_pct,warranty_risk_index,release_status
LOT-00001,BRN3,L1,C,2024-11-16,227,763,1547,2.86,98.50,1,99.99,0.664,released
LOT-00002,SAX4,L2,C,2026-01-22,200,367,1067,4.17,99.20,3,97.66,1.608,released
LOT-00003,ONT1,L6,C,2025-01-08,223,902,1495,2.94,98.87,3,99.81,0.622,released
LOT-00004,DET1,L7,B,2025-03-24,122,1199,1269,3.57,98.53,1,98.81,0.874,released
LOT-00005,SAX4,L2,C,2025-01-26,160,962,758,4.25,98.70,2,96.97,1.503,released
LOT-00006,ONT1,L2,B,2024-07-23,175,813,1163,3.52,99.12,3,99.01,1.721,released
LOT-00007,BRN3,L2,B,2026-03-13,164,553,1732,2.92,98.75,0,99.51,0.203,released
LOT-00008,ONT1,L7,C,2025-08-04,163,844,1467,4.46,98.81,0,97.03,1.025,released
LOT-00009,DET1,L5,A,2025-03-22,204,843,863,4.14,98.78,0,96.83,1.818,released
LOT-00010,BRN3,L4,C,2024-03-31,83,1194,906,4.07,99.06,0,97.69,1.402,released
LOT-00011,SAX4,L4,B,2024-04-06,92,549,1617,4.35,98.82,1,96.91,0.458,released
LOT-00012,KOB1,L2,B,2026-01-31,75,435,1426,4.59,99.21,2,97.54,1.272,released
LOT-00013,DET1,L1,A,2025-11-28,178,450,1508,4.10,99.18,3,99.65,1.368,released
LOT-00014,MEX2,L5,B,2024-08-03,184,293,1945,4.19,98.89,0,96.99,1.694,released
LOT-00015,DET1,L3,B,2025-12-15,95,663,1691,4.36,99.02,3,98.13,1.121,released
LOT-00016,DET1,L1,C,2025-12-06,203,557,706,3.27,99.23,2,99.01,1.354,released
LOT-00017,KOB1,L2,A,2025-11-01,113,459,1092,4.53,99.30,3,100.00,0.780,released
LOT-00018,SAX4,L7,B,2024-08-08,70,579,1871,3.15,99.14,1,98.79,0.908,released
LOT-00019,BRN3,L2,B,2024-02-28,183,589,1387,4.58,98.70,0,99.17,1.256,released
LOT-00020,KOB1,L3,B,2025-12-17,55,804,657,3.08,99.10,1,96.50,1.026,released
LOT-00021,BRN3,L6,A,2026-01-22,95,690,941,3.75,98.80,0,99.08,1.396,released
LOT-00022,SAX4,L2,A,2024-08-26,74,919,451,3.37,98.74,2,97.89,1.623,released
LOT-00023,SAX4,L3,B,2025-12-22,162,1165,1051,3.39,98.78,3,97.93,1.842,released
LOT-00024,DET1,L5,C,2025-08-31,143,849,1105,3.06,99.15,0,98.33,0.360,released
LOT-00025,KOB1,L7,C,2026-02-01,222,744,516,3.32,99.31,2,99.86,0.844,released
LOT-00026,ONT1,L1,C,2025-08-17,125,647,829,2.79,98.75,2,98.48,1.488,released
LOT-00027,SAX4,L4,A,2025-12-12,117,1102,1994,2.73,98.76,1,99.58,1.697,released
LOT-00028,ONT1,L4,C,2025-01-27,238,726,732,3.57,99.17,3,96.80,1.830,released
LOT-00029,DET1,L3,B,2024-04-09,185,843,1288,4.00,99.10,1,98.22,0.505,released
LOT-00030,DET1,L2,A,2025-11-11,128,535,1321,3.94,99.08,2,99.16,0.257,released
LOT-00031,KOB1,L7,B,2025-08-10,140,1335,1247,4.30,98.73,1,98.62,1.134,released
LOT-00032,MEX2,L2,B,2026-01-27,147,1176,979,4.36,98.53,0,99.85,1.101,released
LOT-00033,SAX4,L6,C,2024-12-10,182,830,1301,4.32,98.55,1,97.86,0.903,released
LOT-00034,KOB1,L4,B,2024-05-11,123,1366,1451,3.50,98.93,1,97.10,1.799,released
LOT-00035,ONT1,L6,A,2024-07-27,197,977,290,2.92,99.14,1,97.60,0.690,released
LOT-00036,SAX4,L2,B,2025-04-16,230,554,1535,4.64,98.95,2,99.60,0.486,released
LOT-00037,KOB1,L7,A,2024-04-24,134,516,823,4.28,98.85,1,97.51,1.213,released
LOT-00038,BRN3,L2,B,2025-09-12,221,417,1403,2.70,98.86,2,99.34,0.917,released
LOT-00039,MEX2,L1,A,2025-07-24,89,922,1536,2.87,98.69,0,96.58,1.259,released
LOT-00040,MEX2,L7,C,2026-03-12,220,1005,1551,3.16,98.46,1,97.47,1.707,released
LOT-00041,DET1,L3,A,2025-10-29,178,1095,685,2.90,99.06,2,97.95,0.472,released
LOT-00042,ONT1,L7,B,2025-02-17,125,874,1303,2.73,98.55,3,98.57,0.995,released
LOT-00043,KOB1,L3,B,2026-01-06,48,1074,695,4.27,99.22,3,99.16,1.468,released
LOT-00044,MEX2,L4,C,2024-01-25,108,981,1535,4.79,98.75,0,99.49,0.889,released
LOT-00045,ONT1,L5,C,2025-02-19,209,782,748,3.01,98.84,3,97.45,1.256,released
LOT-00046,MEX2,L4,C,2025-12-09,170,973,722,4.55,98.84,3,98.69,1.688,released
LOT-00047,MEX2,L4,A,2024-01-17,157,852,1114,3.10,99.24,1,98.20,0.397,released
LOT-00048,KOB1,L7,B,2025-05-12,52,756,1898,3.81,99.00,2,96.60,1.071,released
LOT-00049,BRN3,L1,C,2025-05-08,148,802,1461,3.44,99.08,3,98.61,0.356,released
LOT-00050,SAX4,L4,B,2026-05-24,221,772,1557,3.83,98.51,1,98.51,0.459,released
LOT-00051,KOB1,L5,B,2025-01-09,163,493,1129,3.98,98.95,2,97.15,1.798,released
LOT-00052,KOB1,L3,B,2024-01-31,156,828,686,3.70,99.02,1,99.72,1.011,released
LOT-00053,BRN3,L6,A,2024-12-22,108,1097,1622,3.22,98.56,1,96.85,0.590,released
LOT-00054,ONT1,L2,C,2024-01-16,158,866,1037,4.01,99.04,1,99.72,0.499,released
LOT-00055,BRN3,L4,B,2026-03-02,161,511,1108,2.96,99.22,1,99.83,0.429,released
LOT-00056,BRN3,L5,A,2024-05-21,97,771,1411,3.54,99.07,3,98.77,1.049,released
LOT-00057,DET1,L5,C,2025-10-08,205,711,781,2.97,99.22,3,98.23,0.288,released
LOT-00058,BRN3,L2,C,2026-04-20,74,874,1248,3.89,99.21,2,97.77,1.173,released
LOT-00059,KOB1,L3,A,2025-04-18,196,970,962,3.26,98.85,0,97.93,0.520,released
LOT-00060,MEX2,L6,A,2025-02-10,238,1125,1084,4.73,98.72,1,97.94,0.293,released
LOT-00061,BRN3,L1,C,2024-08-04,181,1046,1741,2.88,98.50,1,97.63,1.642,released
LOT-00062,DET1,L7,B,2024-05-26,198,1034,1521,2.95,98.55,0,97.79,1.545,released
LOT-00063,ONT1,L4,B,2024-03-01,127,1180,939,4.10,98.74,3,99.69,0.998,released
LOT-00064,KOB1,L7,B,2025-04-03,59,833,1035,3.46,98.98,2,99.25,0.970,released
LOT-00065,MEX2,L5,C,2024-01-18,106,1150,706,3.80,99.14,0,97.19,0.968,released
LOT-00066,KOB1,L6,B,2026-04-16,134,312,1437,4.45,98.87,2,98.52,0.265,released
LOT-00067,SAX4,L6,A,2026-05-19,136,971,1813,4.63,98.60,0,99.49,0.673,released
LOT-00068,BRN3,L4,B,2024-07-15,233,627,1427,3.04,99.21,1,99.54,1.719,released
LOT-00069,MEX2,L2,A,2024-09-24,189,1112,1306,4.32,99.13,1,99.52,1.780,released
LOT-00070,ONT1,L2,B,2024-04-15,185,340,1053,4.75,99.14,3,98.95,1.406,released
LOT-00071,MEX2,L2,B,2026-04-13,142,578,481,4.58,98.69,3,96.96,0.959,released
LOT-00072,ONT1,L1,A,2025-11-13,53,1277,1398,4.73,98.78,3,97.98,1.379,released
LOT-00073,ONT1,L5,B,2026-05-12,126,1108,552,3.90,99.19,3,99.70,1.583,released
LOT-00074,MEX2,L4,B,2025-08-23,169,1466,1134,3.45,98.61,0,98.37,0.713,containment
LOT-00075,MEX2,L2,C,2024-09-13,115,743,1932,4.42,98.58,2,98.69,1.283,released
LOT-00076,KOB1,L6,B,2024-12-21,67,1506,1176,3.41,98.94,2,96.54,1.135,containment
LOT-00077,ONT1,L6,B,2024-03-10,61,582,857,2.96,98.91,2,97.27,0.310,released
LOT-00078,ONT1,L5,C,2026-01-27,134,353,491,3.51,99.01,3,99.07,0.560,released
LOT-00079,SAX4,L2,A,2024-04-19,80,823,1999,4.59,98.87,3,96.69,1.108,released
LOT-00080,SAX4,L2,B,2025-05-07,125,1512,1,2.72,98.90,0,96.59,0.393,containment
LOT-00081,KOB1,L4,C,2024-09-19,61,774,507,4.56,99.07,0,99.91,0.719,released
LOT-00082,BRN3,L6,C,2024-09-18,194,560,750,4.69,99.24,2,98.67,1.433,released
LOT-00083,ONT1,L6,B,2026-03-28,218,1053,1253,2.77,98.89,1,97.65,0.311,released
LOT-00084,DET1,L5,B,2024-06-09,71,1038,1660,3.38,99.07,0,98.59,1.132,released
LOT-00085,ONT1,L6,C,2024-07-07,146,1394,1034,3.52,99.09,1,97.48,1.337,released
LOT-00086,DET1,L5,B,2024-10-05,158,459,679,4.46,98.68,1,98.65,0.402,released
LOT-00087,DET1,L3,A,2026-05-01,101,717,1284,3.61,98.83,1,99.33,0.349,released
LOT-00088,BRN3,L7,B,2025-07-17,228,1298,1038,4.15,98.93,0,96.80,1.169,released
LOT-00089,MEX2,L7,A,2025-10-06,45,946,1181,4.44,99.03,1,99.74,0.537,released
LOT-00090,KOB1,L7,A,2025-12-13,141,1124,505,4.24,99.08,2,96.99,0.485,released
LOT-00091,KOB1,L1,C,2025-03-07,150,1066,1820,3.20,98.85,0,96.64,0.248,released
LOT-00092,DET1,L6,C,2026-04-22,207,629,1202,4.30,98.99,2,96.60,1.312,released
LOT-00093,BRN3,L1,B,2024-12-12,75,815,718,2.78,99.12,2,98.55,1.114,released
LOT-00094,DET1,L1,C,2026-04-11,78,886,1506,2.72,98.88,2,98.79,1.627,released
LOT-00095,KOB1,L6,B,2024-07-26,118,588,1459,3.13,98.70,1,97.12,0.208,released
LOT-00096,KOB1,L1,A,2025-11-02,211,938,672,4.78,98.66,0,98.14,0.293,released
LOT-00097,SAX4,L4,A,2024-12-03,146,750,819,4.27,98.78,2,97.80,0.219,released
LOT-00098,ONT1,L3,B,2024-11-24,184,1022,1591,3.69,99.02,2,97.72,1.004,released
LOT-00099,MEX2,L7,A,2025-10-29,97,1260,673,3.33,98.80,0,98.46,1.040,released
LOT-00100,KOB1,L2,C,2025-09-12,62,1021,1558,3.88,99.11,2,96.83,1.321,released
LOT-00101,BRN3,L5,A,2025-04-18,108,909,1500,3.63,99.00,0,97.31,1.599,released
LOT-00102,KOB1,L1,B,2024-12-23,139,992,796,4.67,98.93,2,97.82,1.595,released
LOT-00103,KOB1,L6,A,2025-04-29,233,691,1738,4.48,98.76,1,99.08,1.088,released
LOT-00104,DET1,L5,B,2025-05-29,72,448,437,3.32,99.02,2,96.54,0.228,released
LOT-00105,MEX2,L6,C,2026-02-05,130,1445,1498,4.63,99.03,1,98.09,1.128,released
LOT-00106,ONT1,L3,B,2024-12-04,196,741,717,4.31,99.17,1,99.48,0.384,released
LOT-00107,SAX4,L1,B,2026-03-26,161,727,1680,3.91,99.10,2,98.17,1.357,released
LOT-00108,SAX4,L6,B,2025-09-05,236,359,1315,4.00,99.25,1,99.27,1.092,released
LOT-00109,MEX2,L3,B,2024-12-07,165,480,603,3.28,98.84,2,97.70,1.012,released
LOT-00110,SAX4,L4,B,2026-01-28,70,803,839,3.45,98.85,3,98.31,0.450,released
LOT-00111,DET1,L5,C,2024-05-24,141,1408,1147,3.21,98.47,3,97.27,1.615,released
LOT-00112,KOB1,L7,A,2024-01-16,147,562,989,3.87,98.68,0,96.93,0.412,released
LOT-00113,ONT1,L5,A,2025-08-12,161,473,1477,3.68,98.63,2,97.22,1.038,released
LOT-00114,KOB1,L3,B,2026-01-12,170,1180,1726,4.46,99.06,0,97.02,0.930,released
LOT-00115,MEX2,L2,C,2026-01-27,75,766,1672,3.42,98.88,2,98.84,1.241,released
LOT-00116,SAX4,L3,C,2026-02-04,175,1411,783,4.06,98.62,2,98.57,0.366,released
LOT-00117,ONT1,L3,B,2025-04-27,71,981,1126,4.64,98.64,2,98.26,1.634,released
LOT-00118,ONT1,L3,B,2024-07-03,168,954,1137,3.70,98.86,1,99.00,1.050,released
LOT-00119,BRN3,L5,A,2025-03-28,50,1379,1388,4.66,98.66,2,98.28,0.756,released
LOT-00120,SAX4,L3,A,2025-06-09,131,684,1301,4.02,98.99,1,97.42,1.022,released
LOT-00121,BRN3,L6,B,2024-09-19,234,624,955,3.39,98.65,2,99.87,1.521,released
LOT-00122,ONT1,L6,B,2025-10-05,236,843,804,2.97,98.70,1,98.90,1.050,released
LOT-00123,KOB1,L2,A,2025-02-07,226,856,1290,3.06,99.21,1,99.77,1.128,released
LOT-00124,DET1,L6,A,2025-07-30,217,990,1618,4.56,98.79,0,97.60,0.881,released
LOT-00125,BRN3,L3,C,2025-08-24,155,752,1321,4.34,98.72,2,99.91,1.121,released
LOT-00126,KOB1,L4,B,2025-05-27,81,556,786,4.25,98.71,3,97.54,1.151,released
LOT-00127,KOB1,L6,A,2024-06-25,148,1142,1247,3.59,98.65,3,98.40,0.204,released
LOT-00128,SAX4,L3,B,2024-10-20,48,1078,1464,3.90,98.66,3,97.33,1.149,released
LOT-00129,ONT1,L2,A,2025-10-27,125,1288,1435,4.56,98.70,3,97.69,1.399,released
LOT-00130,DET1,L2,B,2025-06-16,194,1814,895,3.58,98.86,3,97.64,0.468,containment
LOT-00131,SAX4,L3,B,2025-04-20,58,1151,1097,3.53,99.01,2,97.60,0.902,released
LOT-00132,SAX4,L1,A,2024-08-12,168,643,1314,3.45,98.87,0,96.73,1.532,released
LOT-00133,BRN3,L7,B,2026-05-21,88,607,1082,3.14,99.08,0,99.20,0.495,released
LOT-00134,BRN3,L1,B,2024-06-25,119,692,1500,4.24,99.00,3,98.10,1.795,released
LOT-00135,KOB1,L4,C,2026-05-07,221,700,1064,4.71,99.05,1,96.73,1.227,released
LOT-00136,SAX4,L5,B,2026-02-24,212,1175,1917,4.74,99.02,0,97.44,1.766,released
LOT-00137,SAX4,L3,A,2025-03-16,203,666,1700,4.76,99.02,2,99.03,0.338,released
LOT-00138,BRN3,L4,A,2026-05-19,106,374,1540,3.27,98.92,3,97.82,0.848,released
LOT-00139,DET1,L1,A,2024-02-10,186,739,1106,4.10,98.62,1,98.47,0.293,released
LOT-00140,SAX4,L6,B,2024-09-12,79,993,1434,4.73,98.51,1,98.00,1.455,released
LOT-00141,MEX2,L3,C,2026-04-29,226,1014,1024,3.79,98.82,3,97.30,1.755,released
LOT-00142,MEX2,L3,C,2024-09-13,117,870,824,4.75,99.22,0,99.05,1.635,released
LOT-00143,ONT1,L1,B,2024-09-26,106,732,2403,4.44,98.75,0,98.13,0.815,released
LOT-00144,SAX4,L2,C,2024-10-19,66,1315,771,2.82,99.00,1,97.65,1.387,released
LOT-00145,ONT1,L3,B,2026-06-03,66,978,1031,2.79,98.55,2,96.56,1.764,released
LOT-00146,MEX2,L7,B,2024-09-27,99,645,2448,3.81,98.74,3,97.43,0.211,released
LOT-00147,BRN3,L6,A,2024-03-25,236,704,1460,3.38,98.74,2,99.70,1.631,released
LOT-00148,SAX4,L7,A,2024-12-24,164,531,1426,4.30,99.09,0,98.45,0.518,released
LOT-00149,MEX2,L2,C,2024-03-20,116,858,1534,4.00,98.59,1,99.86,1.478,released
LOT-00150,MEX2,L5,C,2026-04-29,166,640,779,4.10,98.82,1,99.30,0.884,released
LOT-00151,KOB1,L2,A,2025-02-27,221,773,1242,3.05,98.63,2,99.62,0.352,released
LOT-00152,ONT1,L4,C,2024-05-07,131,1229,551,3.34,98.64,0,98.40,1.247,released
LOT-00153,BRN3,L2,C,2026-02-13,146,265,1355,3.14,99.25,3,98.85,0.921,released
LOT-00154,DET1,L3,B,2024-09-06,218,715,1221,4.50,99.03,2,98.02,1.689,released
LOT-00155,KOB1,L4,B,2026-01-28,215,184,1496,4.47,98.81,0,98.30,1.486,released
LOT-00156,BRN3,L7,A,2024-10-02,164,631,1384,2.70,99.00,2,99.27,1.539,released
LOT-00157,DET1,L1,B,2025-05-11,229,932,1539,2.92,98.69,0,99.29,1.375,released
LOT-00158,KOB1,L3,A,2026-03-08,48,0,864,4.04,99.35,2,99.97,0.732,released
LOT-00159,DET1,L1,C,2025-05-21,240,1015,617,4.06,98.60,0,97.84,1.071,released
LOT-00160,KOB1,L2,A,2026-02-14,49,868,1688,4.65,99.05,2,96.66,1.292,released
LOT-00161,KOB1,L4,A,2026-03-24,97,941,222,3.83,98.69,0,98.23,1.808,released
LOT-00162,KOB1,L2,A,2024-06-23,111,454,1490,4.75,98.64,2,98.07,1.746,released
LOT-00163,BRN3,L2,A,2025-02-14,61,556,1262,3.25,98.91,3,97.02,1.222,released
LOT-00164,MEX2,L7,A,2024-03-27,237,1276,403,3.66,99.20,1,96.55,1.185,released
LOT-00165,KOB1,L5,A,2024-05-02,162,1190,1623,3.22,98.75,1,97.90,0.917,released
LOT-00166,DET1,L4,C,2025-10-20,137,1007,1239,4.32,98.51,2,98.37,0.270,released
LOT-00167,DET1,L7,B,2024-06-10,85,1353,1458,3.65,98.52,1,98.37,0.308,released
LOT-00168,KOB1,L4,B,2024-03-11,96,1240,1490,4.37,98.95,0,97.94,1.022,released
LOT-00169,BRN3,L5,C,2025-10-23,62,567,222,4.61,99.25,1,98.75,0.984,released
LOT-00170,KOB1,L4,B,2024-07-31,126,857,1481,4.36,98.86,2,99.75,0.883,released
LOT-00171,KOB1,L4,B,2025-12-11,130,817,1895,2.78,98.60,3,97.28,1.108,released
LOT-00172,BRN3,L2,C,2024-10-10,159,696,1023,3.75,98.72,0,97.38,1.549,released
LOT-00173,SAX4,L6,C,2025-01-12,156,1148,810,3.23,98.66,3,99.87,0.468,released
LOT-00174,SAX4,L2,C,2024-12-18,135,932,1414,4.75,98.63,2,97.00,1.552,released
LOT-00175,DET1,L4,C,2025-04-29,178,777,1665,2.89,98.59,1,99.51,1.364,released
LOT-00176,DET1,L7,C,2025-10-05,230,1479,1577,4.18,99.07,3,97.39,1.681,containment
LOT-00177,DET1,L5,A,2025-04-08,196,181,1271,2.72,99.32,2,99.12,0.961,released
LOT-00178,DET1,L6,A,2025-02-15,232,560,1350,2.88,98.85,0,97.84,0.453,released
LOT-00179,SAX4,L2,A,2024-04-05,53,893,1021,3.43,99.21,3,97.72,1.544,released
LOT-00180,SAX4,L5,A,2024-02-11,166,907,1424,3.10,98.69,0,98.75,1.434,released
LOT-00181,ONT1,L3,B,2024-12-20,91,769,0,2.92,99.02,2,99.82,1.314,released
LOT-00182,KOB1,L6,C,2024-11-16,63,187,1190,3.88,99.22,3,99.31,0.416,released
LOT-00183,MEX2,L6,C,2024-09-22,205,824,1457,3.42,98.62,3,99.71,1.422,released
LOT-00184,KOB1,L4,A,2025-12-04,137,944,998,3.94,99.23,1,99.77,1.519,released
LOT-00185,DET1,L7,B,2026-03-30,62,721,1126,4.72,99.08,1,98.09,1.578,released
LOT-00186,KOB1,L2,B,2024-05-07,129,741,2010,3.43,98.60,2,99.95,0.360,released
LOT-00187,KOB1,L4,B,2025-01-02,203,387,973,3.68,99.09,3,98.10,1.098,released
LOT-00188,MEX2,L3,A,2024-07-21,124,1051,1099,3.92,99.02,1,99.81,1.004,released
LOT-00189,SAX4,L3,B,2025-10-17,96,813,2314,4.65,98.57,2,99.02,1.636,released
LOT-00190,MEX2,L3,C,2024-01-12,100,722,1095,4.59,99.00,2,96.51,1.121,released
LOT-00191,KOB1,L3,A,2024-10-19,207,743,886,4.21,98.62,1,99.36,1.181,released
LOT-00192,MEX2,L5,C,2025-08-08,223,703,1698,4.17,98.94,1,98.48,1.516,released
LOT-00193,SAX4,L1,A,2025-10-23,200,861,621,4.29,99.10,3,99.72,0.326,released
LOT-00194,DET1,L2,B,2025-04-07,227,1213,1511,3.49,98.97,0,98.49,0.670,released
LOT-00195,BRN3,L2,A,2024-11-07,142,657,1025,4.37,99.21,3,99.79,1.632,released
LOT-00196,ONT1,L4,C,2024-10-10,143,1355,838,4.78,98.52,1,98.08,1.013,released
LOT-00197,MEX2,L2,C,2025-05-19,191,367,622,4.60,99.16,1,98.96,1.244,released
LOT-00198,MEX2,L6,C,2025-08-20,167,793,1311,4.80,99.06,3,97.94,0.691,released
LOT-00199,BRN3,L5,C,2024-09-25,205,770,1733,4.68,98.51,1,98.42,0.398,released
LOT-00200,KOB1,L4,B,2024-03-04,186,714,962,3.77,99.24,1,98.01,1.298,released
LOT-00201,SAX4,L2,C,2025-09-29,205,759,1754,4.52,98.73,2,97.65,1.455,released
LOT-00202,SAX4,L6,A,2024-04-23,54,1051,1336,3.04,99.02,2,96.83,0.265,released
LOT-00203,SAX4,L5,B,2024-05-23,128,507,2307,3.62,98.95,2,98.09,1.672,released
LOT-00204,KOB1,L1,A,2024-08-27,159,363,535,2.76,98.93,0,98.68,1.296,released
LOT-00205,BRN3,L7,A,2026-02-20,213,871,977,4.22,98.68,2,97.66,1.320,released
LOT-00206,ONT1,L7,B,2025-10-27,147,603,771,3.63,98.65,3,99.66,0.218,released
LOT-00207,BRN3,L5,C,2025-01-02,206,1016,1505,4.49,99.14,2,98.12,1.752,released
LOT-00208,ONT1,L3,C,2024-10-27,47,1058,1188,3.97,98.53,1,97.38,1.728,released
LOT-00209,BRN3,L1,A,2024-10-15,127,763,989,4.62,99.20,1,97.47,0.271,released
LOT-00210,BRN3,L2,B,2025-01-05,196,876,924,3.98,98.60,1,96.69,0.855,released
LOT-00211,SAX4,L6,A,2026-03-18,185,679,1645,4.67,98.65,1,98.18,1.826,released
LOT-00212,ONT1,L5,C,2026-02-24,131,479,927,4.56,99.15,0,98.28,1.374,released
LOT-00213,ONT1,L1,C,2024-04-15,178,714,1209,4.75,99.19,3,97.86,1.237,released
LOT-00214,DET1,L3,B,2026-05-14,153,0,763,3.58,98.91,3,96.52,0.934,released
LOT-00215,SAX4,L4,B,2025-01-28,80,1488,1209,3.96,99.03,1,98.18,0.236,containment
LOT-00216,KOB1,L1,C,2025-01-13,154,1040,1391,3.02,98.57,3,97.23,1.787,released
LOT-00217,DET1,L5,B,2026-04-02,141,593,1526,4.18,99.17,0,98.63,1.338,released
LOT-00218,SAX4,L2,C,2025-09-29,180,1219,833,3.16,98.62,2,98.26,1.179,released
LOT-00219,BRN3,L3,B,2025-02-07,101,693,1489,3.16,99.06,2,99.93,1.633,released
LOT-00220,BRN3,L1,C,2024-07-07,174,497,1510,4.68,98.72,2,98.28,1.498,released
LOT-00221,DET1,L5,B,2025-10-13,171,1251,1297,3.41,98.86,0,99.90,1.794,released
LOT-00222,ONT1,L5,A,2025-12-31,176,841,2333,3.34,98.75,1,96.73,1.816,released
LOT-00223,SAX4,L1,C,2026-06-04,169,0,497,2.85,99.14,0,98.39,0.766,released
LOT-00224,MEX2,L1,C,2026-06-12,49,961,1308,3.53,99.13,0,99.79,1.244,released
LOT-00225,KOB1,L2,B,2024-12-16,52,1064,1011,3.12,99.02,2,99.28,0.358,released
LOT-00226,ONT1,L1,C,2025-01-14,114,690,1382,4.08,98.92,2,99.03,0.230,released
LOT-00227,ONT1,L2,C,2026-02-19,235,609,1549,4.27,99.08,0,98.35,1.047,released
LOT-00228,KOB1,L2,C,2024-10-12,115,1479,1338,4.01,98.86,1,97.40,1.727,containment
LOT-00229,MEX2,L5,A,2026-05-29,184,871,921,3.19,98.86,0,99.66,1.433,released
LOT-00230,ONT1,L7,B,2024-05-22,129,732,1257,4.27,98.65,2,96.51,1.495,released
LOT-00231,BRN3,L4,A,2026-03-05,114,608,1287,4.63,98.74,2,99.72,1.406,released
LOT-00232,MEX2,L2,B,2025-09-13,187,825,967,4.14,98.71,2,98.83,0.198,released
LOT-00233,SAX4,L6,C,2024-07-31,51,1097,956,3.17,98.88,0,97.79,0.445,released
LOT-00234,DET1,L4,B,2025-10-31,156,261,1166,2.78,99.05,2,99.57,1.321,released
LOT-00235,KOB1,L5,C,2026-06-15,147,805,648,4.59,99.15,1,99.69,0.927,released
LOT-00236,SAX4,L1,A,2024-05-12,68,786,495,3.24,98.75,1,97.54,0.803,released
LOT-00237,ONT1,L5,C,2025-01-03,226,1013,2120,2.91,98.87,0,96.91,0.717,released
LOT-00238,DET1,L2,B,2024-05-27,232,461,1472,3.53,98.97,1,97.47,1.307,released
LOT-00239,BRN3,L3,A,2026-03-20,110,1130,778,3.61,99.18,0,97.83,0.384,released
LOT-00240,ONT1,L3,A,2025-10-06,116,1012,785,4.16,99.20,0,98.09,0.187,released
LOT-00241,KOB1,L1,C,2024-05-23,70,1074,1229,3.39,98.71,0,97.36,0.597,released
LOT-00242,BRN3,L7,B,2025-05-22,73,1404,755,3.37,99.03,0,98.51,1.811,released
LOT-00243,BRN3,L5,C,2024-12-12,238,454,2058,4.59,98.65,3,99.42,1.735,released
LOT-00244,KOB1,L7,B,2025-10-02,157,901,1588,2.77,98.77,0,98.35,0.296,released
LOT-00245,ONT1,L6,B,2024-03-05,215,839,1267,3.81,98.79,3,97.38,0.197,released
LOT-00246,KOB1,L5,A,2024-06-24,155,1520,1244,3.25,99.12,2,99.55,0.374,hold
LOT-00247,ONT1,L5,A,2026-02-06,54,1071,1601,3.43,98.56,1,97.54,0.520,released
LOT-00248,SAX4,L3,C,2026-04-05,76,547,1371,3.07,98.97,1,97.04,1.504,released
LOT-00249,BRN3,L2,C,2024-03-21,72,1011,799,4.16,98.93,1,98.86,1.800,released
LOT-00250,SAX4,L2,C,2024-04-23,226,538,1177,4.39,99.24,1,97.11,1.622,released
LOT-00251,DET1,L4,B,2026-04-13,55,588,1881,2.94,98.73,3,98.34,1.746,released
LOT-00252,DET1,L2,B,2025-10-01,161,700,514,3.99,99.03,0,99.96,0.278,released
LOT-00253,KOB1,L1,A,2026-05-30,88,303,622,4.79,99.07,0,98.79,0.855,released
LOT-00254,MEX2,L4,C,2024-08-09,146,615,1666,4.50,99.16,0,98.47,1.631,released
LOT-00255,SAX4,L6,C,2024-03-17,205,697,707,3.15,99.29,1,97.76,0.352,released
LOT-00256,ONT1,L7,B,2025-10-13,213,580,1913,3.69,98.74,3,98.53,1.630,released
LOT-00257,BRN3,L1,C,2026-01-31,141,895,1091,3.62,99.03,2,97.07,1.386,released
LOT-00258,MEX2,L1,A,2026-02-09,115,941,1074,3.12,98.86,1,99.20,0.683,released
LOT-00259,ONT1,L6,A,2025-05-27,197,1016,1104,4.09,99.11,3,98.84,0.372,released
LOT-00260,SAX4,L4,A,2024-11-11,70,800,851,4.35,99.19,2,96.65,0.906,released
LOT-00261,DET1,L4,A,2026-02-13,48,1105,1444,4.13,98.54,1,99.80,1.738,released
LOT-00262,MEX2,L4,B,2024-07-20,101,713,774,4.45,98.98,3,98.39,1.129,released
LOT-00263,ONT1,L3,C,2024-06-26,231,1417,1599,3.88,98.84,0,97.04,0.552,released
LOT-00264,DET1,L7,A,2025-07-31,218,760,1448,3.63,99.05,0,97.74,0.760,released
LOT-00265,SAX4,L2,C,2024-07-01,110,1302,2163,4.31,98.78,3,96.54,0.208,released
LOT-00266,BRN3,L5,B,2026-01-15,128,577,1761,4.75,99.14,2,98.90,0.951,released
LOT-00267,BRN3,L2,C,2024-09-05,179,1189,1183,3.80,98.62,2,98.18,0.837,released
LOT-00268,KOB1,L4,B,2024-04-02,165,1380,1091,3.49,98.77,2,99.92,1.297,released
LOT-00269,ONT1,L3,A,2026-04-17,84,687,892,3.09,99.19,0,99.43,0.520,released
LOT-00270,MEX2,L5,A,2024-02-09,215,793,887,4.75,99.03,0,98.50,1.566,released
LOT-00271,KOB1,L1,A,2024-12-05,95,728,1773,3.71,98.63,0,98.46,1.015,released
LOT-00272,KOB1,L3,B,2024-04-04,172,1103,1715,3.63,98.50,0,98.11,1.687,released
LOT-00273,MEX2,L6,C,2024-05-13,208,1249,1255,4.46,98.64,0,99.46,0.786,released
LOT-00274,BRN3,L6,B,2024-01-04,173,913,1060,4.30,98.81,1,97.05,0.842,released
LOT-00275,SAX4,L4,B,2026-02-05,51,586,997,2.90,98.84,2,99.26,1.666,released
LOT-00276,ONT1,L4,A,2024-07-25,185,711,564,4.56,98.68,1,99.98,0.210,released
LOT-00277,MEX2,L1,C,2025-10-25,116,736,2082,3.05,98.78,1,97.55,0.848,released
LOT-00278,KOB1,L2,A,2025-10-17,130,770,211,4.07,98.84,3,97.09,0.565,released
LOT-00279,DET1,L2,B,2025-03-04,152,1009,1391,3.03,99.18,0,99.20,1.128,released
LOT-00280,BRN3,L2,A,2025-09-21,120,529,975,3.65,99.14,1,98.40,1.615,released
LOT-00281,MEX2,L1,C,2024-08-12,100,519,354,3.26,99.03,0,99.30,0.869,released
LOT-00282,SAX4,L6,C,2024-04-27,174,926,1335,3.60,98.58,0,98.94,1.515,released
LOT-00283,ONT1,L4,C,2024-01-29,200,77,396,3.11,99.11,3,97.39,1.335,released
LOT-00284,DET1,L6,C,2024-12-10,114,1174,734,4.31,99.05,1,99.10,0.273,released
LOT-00285,MEX2,L4,A,2025-03-30,102,722,1466,4.15,98.81,2,97.16,1.694,released
LOT-00286,ONT1,L2,A,2026-03-22,116,507,335,3.18,98.74,2,96.80,0.810,released
LOT-00287,BRN3,L7,A,2026-05-31,61,867,617,2.74,99.20,3,97.25,1.066,released
LOT-00288,MEX2,L1,C,2024-04-30,108,569,1228,4.71,99.27,3,98.65,1.500,released
LOT-00289,SAX4,L4,C,2024-01-21,152,931,1584,3.95,99.06,3,98.67,0.831,released
LOT-00290,BRN3,L5,C,2025-02-05,61,1209,1003,2.88,99.16,1,97.91,0.980,released
LOT-00291,MEX2,L5,B,2024-09-13,202,958,1077,3.28,98.64,0,99.57,1.234,released
LOT-00292,BRN3,L4,A,2025-08-04,177,793,786,4.54,98.90,0,98.38,1.697,released
LOT-00293,SAX4,L1,A,2024-08-15,227,913,1350,2.98,98.74,1,97.38,0.552,released
LOT-00294,MEX2,L2,A,2025-05-24,196,610,729,3.59,98.83,2,98.55,1.343,released
LOT-00295,MEX2,L7,A,2024-05-16,198,1070,801,3.75,98.83,3,97.96,1.826,released
LOT-00296,ONT1,L2,C,2024-08-11,177,1075,624,4.26,98.79,2,98.76,1.529,released
LOT-00297,MEX2,L2,A,2024-07-20,234,201,1290,4.48,98.70,1,97.16,1.229,released
LOT-00298,MEX2,L5,A,2026-03-08,110,784,638,3.15,99.26,1,98.00,0.868,released
LOT-00299,KOB1,L6,A,2024-11-20,195,81,480,4.71,99.08,1,96.69,0.843,released
LOT-00300,KOB1,L7,C,2024-05-29,142,483,724,4.57,99.13,2,97.24,0.328,released
LOT-00301,BRN3,L3,C,2025-03-08,193,1234,98,2.77,98.93,1,96.95,0.398,released
LOT-00302,MEX2,L5,A,2024-07-21,102,1117,1232,3.19,98.69,0,98.79,1.010,released
LOT-00303,SAX4,L3,A,2024-02-06,176,523,1446,4.61,99.02,2,96.91,0.710,released
LOT-00304,SAX4,L3,B,2024-12-11,140,1019,1763,4.20,99.10,2,97.37,1.282,released
LOT-00305,BRN3,L2,B,2025-03-24,181,1014,1643,4.06,98.45,0,98.51,0.635,released
LOT-00306,BRN3,L4,A,2024-12-08,155,869,1259,3.70,99.04,3,97.62,0.223,released
LOT-00307,SAX4,L6,B,2024-11-04,120,657,1396,3.78,98.63,2,98.05,0.298,released
LOT-00308,DET1,L5,C,2024-06-15,70,1033,1360,3.05,98.59,0,98.36,1.490,released
LOT-00309,KOB1,L7,C,2025-05-02,104,676,674,4.33,98.94,1,96.90,0.609,released
LOT-00310,DET1,L2,B,2024-06-28,93,1101,1620,4.20,98.96,2,97.87,1.499,released
LOT-00311,DET1,L5,B,2025-06-04,47,578,1338,3.59,99.21,1,97.43,1.545,released
LOT-00312,ONT1,L4,C,2024-01-07,216,764,603,3.91,99.18,3,97.37,0.418,released
LOT-00313,MEX2,L1,B,2025-10-31,76,1126,1233,3.18,98.58,3,98.42,1.450,released
LOT-00314,KOB1,L4,A,2026-03-21,146,618,1764,4.26,99.18,3,99.25,1.608,released
LOT-00315,MEX2,L6,B,2025-02-19,111,1097,1244,3.05,99.04,2,99.29,1.132,released
LOT-00316,DET1,L7,C,2024-08-15,106,991,1202,2.74,98.57,3,99.80,0.605,released
LOT-00317,KOB1,L2,A,2025-03-10,167,618,954,3.21,98.76,3,99.46,0.773,released
LOT-00318,KOB1,L5,A,2024-08-19,95,548,675,3.92,98.84,0,97.08,0.438,released
LOT-00319,MEX2,L3,B,2024-08-09,114,639,125,3.73,99.34,3,97.89,1.249,released
LOT-00320,SAX4,L3,A,2024-12-29,65,859,565,4.07,98.85,2,99.88,1.726,released
LOT-00321,ONT1,L6,C,2024-12-05,74,882,1405,4.72,98.99,3,97.56,0.390,released
LOT-00322,KOB1,L7,A,2025-07-18,189,1246,491,4.41,98.61,2,98.93,1.332,released
LOT-00323,BRN3,L1,A,2025-04-26,120,829,1081,3.00,98.88,3,97.16,0.502,released
LOT-00324,KOB1,L3,A,2024-10-04,81,913,1648,2.95,98.76,1,98.04,1.714,released
LOT-00325,KOB1,L5,C,2025-08-01,213,1603,588,3.69,98.59,3,98.55,0.526,released
LOT-00326,SAX4,L4,A,2025-04-07,165,628,2023,4.63,98.50,1,99.65,1.634,released
LOT-00327,BRN3,L6,C,2025-04-03,122,1336,1751,4.51,98.45,3,99.79,1.226,released
LOT-00328,MEX2,L7,C,2026-01-24,156,628,1325,3.70,98.91,2,99.81,1.463,released
LOT-00329,ONT1,L3,C,2024-11-28,183,1061,1306,3.49,98.72,1,98.32,0.935,released
LOT-00330,ONT1,L3,C,2025-10-25,218,808,1396,3.69,98.85,3,96.76,0.763,released
LOT-00331,ONT1,L4,A,2024-04-16,102,326,1454,4.38,98.74,0,97.70,1.402,released
LOT-00332,KOB1,L5,C,2024-04-22,75,692,1022,4.43,98.85,1,99.50,0.504,released
LOT-00333,BRN3,L4,A,2025-11-08,122,728,921,3.21,99.26,1,97.69,0.428,released
LOT-00334,KOB1,L5,A,2025-01-09,72,1002,1208,4.05,98.58,1,98.81,0.315,released
LOT-00335,MEX2,L2,B,2024-08-17,149,599,1734,4.15,99.17,0,99.75,0.415,released
LOT-00336,ONT1,L3,C,2024-06-12,239,1191,1467,4.54,98.84,2,97.27,1.566,released
LOT-00337,ONT1,L4,B,2025-11-11,90,828,2029,3.56,98.46,1,99.91,1.081,released
LOT-00338,DET1,L5,A,2024-04-18,225,1250,1206,4.14,98.57,0,96.95,0.840,released
LOT-00339,KOB1,L2,B,2025-01-16,122,544,2025,3.95,98.50,2,98.77,0.366,released
LOT-00340,KOB1,L5,B,2024-07-08,185,1338,1348,3.81,99.07,2,99.53,1.797,released
LOT-00341,BRN3,L2,C,2025-08-08,73,1214,1088,3.92,98.58,0,98.66,0.556,released
LOT-00342,ONT1,L1,B,2024-09-02,226,1022,730,4.73,98.63,2,99.88,1.370,released
LOT-00343,MEX2,L1,A,2025-05-30,232,654,904,3.41,99.31,1,97.22,0.435,released
LOT-00344,BRN3,L3,A,2024-10-06,91,1089,857,3.97,99.08,0,97.72,1.566,released
LOT-00345,DET1,L2,B,2024-05-14,98,467,1617,4.72,98.91,0,96.92,1.311,released
LOT-00346,SAX4,L7,A,2026-03-06,131,1318,634,4.08,99.15,0,97.58,0.664,released
LOT-00347,BRN3,L7,A,2026-05-02,229,1226,141,4.31,98.69,2,98.97,0.938,released
LOT-00348,MEX2,L6,A,2026-01-10,181,263,1075,3.74,98.70,0,97.32,1.524,released
LOT-00349,DET1,L1,A,2024-03-25,207,546,698,4.03,98.92,2,99.47,1.581,released
LOT-00350,SAX4,L5,C,2024-05-31,81,1255,1013,3.09,98.59,1,99.96,1.756,released
LOT-00351,KOB1,L7,B,2024-10-17,155,92,586,4.49,98.95,3,97.93,1.328,released
LOT-00352,SAX4,L5,B,2025-10-09,212,636,1310,3.32,99.03,1,98.97,0.871,released
LOT-00353,BRN3,L2,C,2024-10-12,137,1135,1335,2.77,98.79,2,99.43,1.511,released
LOT-00354,MEX2,L1,B,2025-06-27,189,1294,1110,3.66,99.16,2,98.05,1.246,released
LOT-00355,SAX4,L4,B,2026-02-02,239,796,1480,3.75,98.99,1,97.53,0.641,released
LOT-00356,DET1,L3,A,2024-03-12,59,320,2318,2.97,98.65,3,97.63,1.840,released
LOT-00357,ONT1,L1,B,2025-08-10,231,778,720,3.29,98.96,3,96.89,1.829,released
LOT-00358,MEX2,L3,C,2025-01-23,78,593,227,3.03,99.12,3,98.11,1.772,released
LOT-00359,DET1,L6,B,2025-09-08,139,675,547,4.47,99.35,2,96.57,0.334,released
LOT-00360,DET1,L6,A,2025-10-25,104,978,1290,3.75,98.75,2,97.71,0.737,released
LOT-00361,MEX2,L2,C,2026-05-30,61,932,926,3.79,98.64,0,97.08,0.661,released
LOT-00362,KOB1,L4,A,2025-09-09,175,1131,1418,4.28,98.46,1,96.59,1.466,released
LOT-00363,DET1,L3,A,2024-01-01,97,764,319,4.05,99.09,0,97.91,1.490,released
LOT-00364,KOB1,L7,B,2024-09-06,103,1135,0,4.09,98.94,2,99.14,1.844,released
LOT-00365,SAX4,L7,A,2024-01-14,224,897,1424,2.96,99.08,0,97.57,1.382,released
LOT-00366,MEX2,L7,C,2024-11-11,91,964,376,3.43,98.92,0,97.87,0.595,released
LOT-00367,MEX2,L2,B,2024-07-31,98,764,569,4.29,99.11,2,97.11,0.641,released
LOT-00368,KOB1,L2,C,2025-10-03,82,788,925,4.32,99.17,2,98.43,0.499,released
LOT-00369,ONT1,L1,B,2026-02-08,227,742,800,3.13,99.01,3,99.57,1.836,released
LOT-00370,MEX2,L6,B,2024-03-15,57,1111,1105,4.19,98.55,0,98.61,0.726,released
LOT-00371,KOB1,L5,C,2026-01-08,108,489,1101,2.87,98.79,0,97.67,0.684,released
LOT-00372,MEX2,L3,A,2024-03-08,147,838,1791,2.92,98.86,0,97.48,0.858,released
LOT-00373,SAX4,L3,C,2026-01-16,145,833,600,3.38,98.93,2,97.52,1.103,released
LOT-00374,ONT1,L5,B,2024-02-15,163,1420,29,4.06,99.16,1,97.40,1.105,released
LOT-00375,KOB1,L1,B,2024-04-04,170,710,538,4.73,98.87,1,97.68,1.035,released
LOT-00376,MEX2,L3,B,2024-04-15,146,757,318,4.04,98.78,2,97.18,0.746,released
LOT-00377,ONT1,L3,A,2026-05-10,211,872,1216,3.40,98.67,0,99.08,1.128,released
LOT-00378,BRN3,L7,B,2025-03-07,113,719,180,3.23,98.85,2,98.58,1.124,released
LOT-00379,ONT1,L2,B,2026-04-05,71,1510,1391,2.92,99.07,0,97.97,0.764,hold
LOT-00380,MEX2,L3,C,2026-05-04,166,1238,7,3.07,99.27,3,99.20,0.386,released
LOT-00381,ONT1,L7,A,2024-01-12,206,1465,1308,3.93,98.59,3,98.13,1.360,hold
LOT-00382,MEX2,L3,C,2024-08-01,212,1421,850,3.70,99.07,1,99.11,0.663,released
LOT-00383,DET1,L4,A,2025-01-12,139,1290,1246,4.51,98.71,0,98.84,1.504,released
LOT-00384,MEX2,L6,A,2024-02-19,157,434,252,4.01,98.75,0,99.20,1.096,released
LOT-00385,SAX4,L7,C,2026-01-04,137,878,1262,3.03,99.12,3,97.32,1.666,released
LOT-00386,DET1,L1,B,2026-01-07,133,966,632,4.55,98.79,0,96.95,0.520,released
LOT-00387,BRN3,L4,C,2025-04-03,49,247,1534,4.64,98.60,3,98.17,1.111,released
LOT-00388,SAX4,L4,B,2026-02-05,236,541,508,2.79,98.92,3,99.43,1.175,released
LOT-00389,BRN3,L3,A,2025-05-28,229,1303,827,4.70,98.55,3,97.79,1.345,released
LOT-00390,MEX2,L2,A,2025-05-08,67,857,727,3.47,99.29,1,97.83,0.199,released
LOT-00391,KOB1,L4,A,2024-05-16,115,800,921,4.74,98.75,0,96.86,1.757,released
LOT-00392,ONT1,L6,C,2025-06-02,165,409,94,4.71,99.13,0,99.25,1.806,released
LOT-00393,BRN3,L4,A,2025-09-16,225,618,1219,2.86,98.92,3,97.46,1.145,released
LOT-00394,MEX2,L3,C,2025-08-11,100,673,705,3.28,98.82,2,96.68,1.527,released
LOT-00395,SAX4,L4,C,2024-05-04,93,1235,970,3.01,99.16,0,98.82,0.705,released
LOT-00396,ONT1,L3,B,2025-05-25,64,819,1219,3.73,99.22,1,98.78,0.812,released
LOT-00397,ONT1,L3,B,2025-04-26,87,872,1157,4.57,98.64,2,98.41,1.480,released
LOT-00398,KOB1,L7,B,2024-05-23,152,1152,994,4.70,99.17,2,99.20,0.550,released
LOT-00399,DET1,L6,A,2024-08-29,228,1041,1658,4.25,98.72,1,96.83,0.478,released
LOT-00400,ONT1,L2,B,2026-06-14,136,616,921,3.16,98.87,3,99.15,0.952,released
LOT-00401,KOB1,L4,B,2026-04-21,119,658,973,2.78,98.94,2,99.07,1.585,released
LOT-00402,BRN3,L2,B,2026-05-25,66,768,1482,3.08,98.99,2,97.94,0.296,released
LOT-00403,MEX2,L7,C,2025-01-01,138,1162,1484,3.00,98.96,1,97.71,0.402,released
LOT-00404,SAX4,L5,C,2026-01-18,109,1096,1580,4.48,98.67,3,97.46,0.193,released
LOT-00405,KOB1,L7,B,2024-12-24,95,410,800,3.94,99.10,1,97.74,1.341,released
LOT-00406,BRN3,L3,A,2026-06-08,98,435,379,3.85,98.84,1,96.65,0.653,released
LOT-00407,BRN3,L4,C,2024-12-03,153,667,855,4.04,99.29,2,98.80,0.290,released
LOT-00408,DET1,L5,A,2025-10-07,154,559,1280,3.75,99.22,2,97.52,0.220,released
LOT-00409,ONT1,L1,B,2024-10-08,146,847,1723,4.05,98.79,1,97.83,0.788,released
LOT-00410,BRN3,L1,B,2025-04-04,90,1121,275,4.76,99.27,2,98.11,1.573,released
LOT-00411,KOB1,L4,A,2025-02-10,67,870,942,3.68,98.86,2,97.82,0.895,released
LOT-00412,ONT1,L7,B,2024-09-18,165,1088,1548,2.78,98.74,3,99.95,0.478,released
LOT-00413,SAX4,L3,B,2024-04-04,107,1696,1710,4.45,98.45,3,99.86,1.039,containment
LOT-00414,ONT1,L1,A,2024-12-28,170,1003,1550,3.04,98.96,0,98.39,1.482,released
LOT-00415,DET1,L6,C,2024-08-21,236,911,1349,4.14,98.55,2,99.89,0.487,released
LOT-00416,ONT1,L1,A,2026-03-17,169,922,571,3.27,98.91,3,98.68,0.877,released
LOT-00417,MEX2,L1,B,2025-08-08,127,954,914,2.83,98.97,3,98.15,0.573,released
LOT-00418,ONT1,L3,B,2024-10-08,238,1081,1236,3.96,98.78,3,97.73,1.752,released
LOT-00419,MEX2,L1,B,2026-06-02,238,1253,1618,3.82,98.66,3,98.32,0.628,released
LOT-00420,SAX4,L5,B,2024-08-04,120,750,735,3.84,99.17,2,99.40,0.351,released
LOT-00421,BRN3,L5,B,2025-06-07,237,758,1594,3.51,98.69,3,98.56,0.578,released
LOT-00422,KOB1,L7,C,2025-03-31,108,974,1030,3.16,98.56,0,96.72,1.419,released
LOT-00423,SAX4,L1,C,2024-07-23,134,828,471,3.90,98.89,0,97.86,1.552,released
LOT-00424,MEX2,L7,A,2024-09-01,165,642,1055,3.87,98.60,3,99.97,1.246,released
LOT-00425,MEX2,L2,A,2025-10-13,173,1064,838,3.23,98.57,2,97.45,1.221,released
LOT-00426,DET1,L5,B,2025-12-13,179,351,1245,4.32,98.90,0,96.86,1.622,released
LOT-00427,KOB1,L3,A,2025-06-26,229,908,1159,4.65,98.86,2,97.13,1.121,released
LOT-00428,KOB1,L7,C,2024-08-14,144,693,148,4.41,98.89,3,99.93,0.625,released
LOT-00429,BRN3,L4,A,2025-01-16,154,604,651,4.10,98.92,0,96.85,0.781,released
LOT-00430,KOB1,L2,B,2025-11-26,99,722,1238,3.71,98.98,0,96.99,0.847,released
LOT-00431,SAX4,L3,A,2024-01-31,205,519,1099,3.23,99.24,3,98.80,0.310,released
LOT-00432,BRN3,L3,B,2026-01-21,98,769,1389,3.78,99.14,0,99.06,0.620,released
LOT-00433,BRN3,L7,A,2026-04-24,188,1469,591,2.99,98.85,1,99.31,0.222,hold
LOT-00434,ONT1,L1,C,2024-12-13,202,1286,1224,2.80,98.51,3,99.78,1.696,released
LOT-00435,DET1,L3,C,2026-06-14,182,533,1083,3.26,98.75,0,99.26,1.524,released
LOT-00436,SAX4,L1,B,2024-04-12,200,973,557,2.77,98.84,0,99.33,1.279,released
LOT-00437,MEX2,L4,A,2025-04-15,221,794,1852,3.62,98.81,3,97.07,0.969,released
LOT-00438,KOB1,L3,A,2024-04-26,117,923,1714,4.45,98.71,0,99.82,1.051,released
LOT-00439,DET1,L1,B,2026-05-29,238,986,1273,4.44,98.78,1,98.46,0.553,released
LOT-00440,SAX4,L6,C,2024-02-12,161,238,1788,3.89,98.76,0,99.22,1.281,released
LOT-00441,ONT1,L5,A,2025-04-10,81,573,1238,4.02,99.06,0,96.66,0.617,released
LOT-00442,BRN3,L6,A,2026-05-31,151,1150,1536,3.81,98.79,2,99.46,1.322,released
LOT-00443,KOB1,L2,B,2026-04-18,135,645,2508,3.48,98.85,2,98.90,0.564,released
LOT-00444,BRN3,L7,B,2025-07-26,141,301,1178,4.26,98.68,0,98.01,0.544,released
LOT-00445,KOB1,L4,C,2024-01-03,186,1243,1428,4.37,98.57,3,97.02,0.966,released
LOT-00446,ONT1,L7,B,2024-03-08,141,822,1862,4.56,99.00,1,96.61,1.617,released
LOT-00447,ONT1,L1,B,2024-01-07,146,393,887,4.10,98.80,2,99.13,1.103,released
LOT-00448,MEX2,L7,A,2024-05-20,184,1006,1324,2.98,99.14,0,99.23,1.257,released
LOT-00449,SAX4,L2,B,2026-06-03,61,1016,913,4.62,98.68,0,96.55,0.560,released
LOT-00450,DET1,L6,C,2026-02-01,125,459,560,3.01,98.73,2,97.36,1.366,released
LOT-00451,MEX2,L3,C,2025-06-26,161,887,1254,3.58,98.65,3,99.06,1.343,released
LOT-00452,DET1,L4,C,2025-09-21,84,835,475,3.11,98.72,3,99.35,1.343,released
LOT-00453,ONT1,L4,B,2025-07-02,226,1040,421,3.15,99.24,3,99.68,1.385,released
LOT-00454,KOB1,L1,A,2026-02-18,103,998,2234,3.03,98.52,3,100.00,1.444,released
LOT-00455,BRN3,L6,B,2026-04-05,235,825,1570,3.21,98.95,3,97.04,1.284,released
LOT-00456,SAX4,L4,C,2026-01-04,143,631,1183,4.07,98.89,2,97.34,1.136,released
LOT-00457,BRN3,L7,B,2025-08-02,58,778,1134,4.34,99.24,3,97.02,0.680,released
LOT-00458,ONT1,L4,B,2024-04-29,194,353,843,3.31,99.27,2,99.45,1.456,released
LOT-00459,MEX2,L5,C,2026-04-07,50,334,1734,3.82,99.18,0,97.14,1.184,released
LOT-00460,SAX4,L3,B,2024-01-22,203,798,1269,3.01,99.23,1,99.37,1.249,released
LOT-00461,KOB1,L2,C,2026-03-23,101,988,1677,4.03,99.08,3,96.70,1.658,released
LOT-00462,BRN3,L7,C,2024-02-12,111,141,215,3.38,99.08,0,97.81,1.578,released
LOT-00463,SAX4,L4,B,2025-04-17,69,799,822,3.70,98.94,0,99.99,0.827,released
LOT-00464,BRN3,L5,B,2025-08-21,146,502,2003,2.91,99.04,2,98.26,1.847,released
LOT-00465,BRN3,L1,A,2024-06-07,113,1272,2225,4.17,98.97,2,97.57,1.514,released
LOT-00466,MEX2,L2,C,2025-11-18,197,1024,1428,4.30,98.94,0,99.35,1.689,released
LOT-00467,SAX4,L2,C,2025-09-21,125,151,1295,3.15,98.74,1,97.66,1.457,released
LOT-00468,BRN3,L1,B,2024-04-04,79,1410,843,2.83,98.75,3,98.55,1.712,released
LOT-00469,SAX4,L7,B,2025-03-12,46,1041,1635,4.24,98.85,2,97.73,1.548,released
LOT-00470,KOB1,L1,A,2024-02-18,102,428,1635,3.19,98.86,2,98.39,0.626,released
LOT-00471,MEX2,L7,C,2024-10-14,139,942,1420,3.11,98.99,0,99.10,0.829,released
LOT-00472,BRN3,L3,C,2025-10-03,90,714,776,2.90,98.68,2,99.54,1.560,released
LOT-00473,ONT1,L1,B,2024-08-29,163,276,1083,3.39,99.06,2,97.76,0.488,released
LOT-00474,KOB1,L1,B,2024-04-08,93,704,1791,4.56,98.61,3,99.99,1.742,released
LOT-00475,DET1,L6,B,2025-12-20,94,272,1466,3.43,98.63,3,99.54,1.085,released
LOT-00476,KOB1,L5,A,2025-01-30,169,777,440,3.56,98.80,2,96.64,1.484,released
LOT-00477,BRN3,L6,C,2025-10-22,105,770,1024,2.80,98.84,1,97.78,1.539,released
LOT-00478,SAX4,L7,B,2025-11-29,229,713,718,3.14,98.84,3,99.16,0.984,released
LOT-00479,KOB1,L3,B,2026-04-20,192,1032,1287,2.85,98.98,0,97.60,1.829,released
LOT-00480,ONT1,L5,A,2025-03-30,97,1102,1238,4.52,98.78,0,99.39,0.199,released
LOT-00481,SAX4,L2,A,2025-07-27,73,712,1138,3.85,99.25,2,97.09,1.098,released
LOT-00482,DET1,L4,A,2024-02-10,55,217,1492,3.21,98.66,1,99.91,1.093,released
LOT-00483,KOB1,L5,B,2024-12-19,55,653,1213,3.75,98.80,3,96.85,0.905,released
LOT-00484,BRN3,L2,A,2025-09-25,176,767,1733,4.29,99.02,2,97.01,1.060,released
LOT-00485,SAX4,L4,B,2026-02-02,120,1419,1068,2.80,98.67,2,99.90,1.276,released
LOT-00486,SAX4,L2,C,2025-10-03,46,1306,1745,3.30,98.76,0,97.47,1.199,released
LOT-00487,DET1,L4,B,2024-10-28,64,90,1326,3.17,98.79,3,99.85,1.764,released
LOT-00488,ONT1,L1,C,2025-07-21,62,922,1402,3.60,98.52,0,99.26,1.741,released
LOT-00489,MEX2,L7,B,2024-10-08,235,279,1037,4.68,98.89,1,98.61,0.237,released
LOT-00490,SAX4,L4,A,2025-11-25,214,516,1289,4.02,98.59,3,99.84,1.446,released
LOT-00491,BRN3,L6,B,2026-01-12,142,1316,759,4.44,98.89,0,97.39,0.285,released
LOT-00492,BRN3,L4,A,2025-09-28,142,977,336,4.36,98.71,0,98.93,1.669,released
LOT-00493,DET1,L3,B,2026-02-13,188,216,884,3.15,98.91,3,98.25,1.446,released
LOT-00494,SAX4,L6,B,2024-11-28,83,1148,850,3.60,99.10,2,99.70,0.732,released
LOT-00495,SAX4,L4,A,2024-02-29,234,1685,1736,3.55,99.02,1,97.75,1.419,released
LOT-00496,KOB1,L6,A,2024-07-27,103,537,1020,4.68,98.95,2,98.04,0.579,released
LOT-00497,ONT1,L3,A,2024-07-01,73,1239,1615,4.51,98.47,3,99.99,0.232,released
LOT-00498,SAX4,L2,B,2025-05-21,146,1472,1316,4.29,98.72,1,99.06,1.042,hold
LOT-00499,DET1,L6,C,2025-11-28,181,997,1568,4.29,98.95,2,99.21,1.823,released
LOT-00500,MEX2,L4,C,2024-07-03,140,0,2076,2.70,98.85,3,98.37,0.710,released
LOT-00501,MEX2,L4,B,2025-01-15,167,958,1145,3.62,98.54,1,97.45,1.290,released
LOT-00502,KOB1,L3,A,2024-08-01,106,318,1202,4.04,99.01,0,99.22,1.778,released
LOT-00503,ONT1,L2,A,2024-01-19,133,1363,634,4.16,99.11,0,97.63,1.544,released
LOT-00504,BRN3,L4,B,2024-04-24,213,809,1468,4.03,98.97,0,98.88,0.328,released
LOT-00505,MEX2,L5,A,2025-12-08,198,1399,655,2.88,98.67,2,99.63,0.608,released
LOT-00506,KOB1,L1,A,2024-12-02,55,757,1826,4.09,99.00,3,99.59,0.437,released
LOT-00507,ONT1,L5,B,2024-02-06,102,353,958,3.30,98.76,3,97.96,1.345,released
LOT-00508,KOB1,L1,A,2025-11-18,224,882,1285,3.73,98.88,3,97.92,0.201,released
LOT-00509,BRN3,L4,A,2025-10-24,212,373,506,3.41,99.32,0,97.77,0.433,released
LOT-00510,ONT1,L2,A,2025-04-04,45,607,1096,2.86,99.23,2,96.96,1.721,released
LOT-00511,MEX2,L4,C,2024-08-27,214,587,1313,4.51,99.06,0,99.88,1.735,released
LOT-00512,MEX2,L1,C,2025-03-17,141,896,1153,3.75,99.23,3,97.65,0.720,released
LOT-00513,KOB1,L4,C,2026-02-03,126,691,1284,3.40,98.76,0,98.83,1.695,released
LOT-00514,KOB1,L1,A,2026-03-01,113,1498,2172,4.29,98.51,1,99.71,1.814,released
LOT-00515,ONT1,L2,B,2024-04-03,80,904,953,3.58,98.59,3,98.37,1.698,released
LOT-00516,KOB1,L4,A,2024-09-14,222,928,1299,3.84,98.74,0,97.21,0.798,released
LOT-00517,SAX4,L5,C,2026-01-17,82,583,1312,3.63,98.65,3,98.45,1.616,released
LOT-00518,MEX2,L3,A,2026-01-23,238,1563,1222,2.83,98.61,3,99.42,1.048,containment
LOT-00519,KOB1,L1,A,2025-04-12,50,765,1091,3.73,98.87,1,98.05,0.816,released
LOT-00520,DET1,L3,C,2026-04-28,120,1122,1705,2.90,98.78,2,98.80,1.419,released
LOT-00521,DET1,L2,A,2025-04-04,138,1096,874,3.03,98.72,3,97.37,0.741,released
LOT-00522,SAX4,L3,A,2024-03-08,133,1149,2020,3.02,98.88,0,97.23,0.798,released
LOT-00523,DET1,L5,B,2025-02-19,69,941,585,3.96,98.86,0,97.57,0.928,released
LOT-00524,DET1,L3,A,2024-09-24,46,688,263,3.23,99.33,0,98.16,1.773,released
LOT-00525,SAX4,L5,A,2024-07-31,145,1191,1205,3.01,98.86,1,98.14,0.430,released
LOT-00526,DET1,L7,C,2026-05-08,152,952,993,3.92,98.82,0,97.48,0.543,released
LOT-00527,BRN3,L7,B,2024-06-02,130,868,1217,3.83,99.12,3,99.78,0.532,released
LOT-00528,MEX2,L5,B,2024-05-09,166,1448,1480,4.79,98.54,0,97.37,0.349,released
LOT-00529,MEX2,L6,C,2024-01-11,95,237,1159,4.35,99.17,0,97.55,0.623,released
LOT-00530,MEX2,L2,A,2024-02-21,192,441,2246,3.45,98.93,0,98.44,1.479,released
LOT-00531,BRN3,L7,A,2025-03-27,55,722,478,2.75,99.34,3,97.91,1.344,released
LOT-00532,KOB1,L7,B,2024-09-17,160,767,1327,4.20,99.18,0,99.34,1.638,released
LOT-00533,ONT1,L1,B,2025-06-17,187,802,517,4.70,99.10,2,97.72,0.420,released
LOT-00534,KOB1,L2,C,2025-10-19,68,1087,834,4.28,99.02,2,98.99,1.544,released
LOT-00535,SAX4,L1,A,2026-02-23,200,559,811,4.52,99.01,2,96.83,1.403,released
LOT-00536,BRN3,L5,B,2025-09-18,214,1072,1228,4.54,98.80,0,96.98,0.561,released
LOT-00537,SAX4,L3,A,2024-06-22,45,497,1221,4.45,99.28,2,98.61,0.497,released
LOT-00538,BRN3,L3,B,2025-12-01,116,1016,1585,4.07,99.15,1,99.33,0.723,released
LOT-00539,KOB1,L2,B,2025-07-16,128,661,0,3.90,98.82,0,99.31,0.736,released
LOT-00540,MEX2,L5,A,2026-03-02,150,918,1366,3.35,98.76,1,99.44,0.192,released
LOT-00541,KOB1,L5,B,2025-05-01,231,1300,976,4.50,99.18,3,97.03,1.274,released
LOT-00542,SAX4,L5,B,2024-11-27,97,601,1381,4.34,99.17,2,97.88,1.097,released
LOT-00543,MEX2,L1,C,2025-02-28,102,899,1096,4.03,98.82,3,98.55,1.831,released
LOT-00544,BRN3,L4,A,2024-12-20,50,713,1395,3.36,99.20,0,99.05,0.553,released
LOT-00545,SAX4,L2,A,2025-10-06,124,906,1483,4.49,98.67,3,99.33,0.712,released
LOT-00546,DET1,L1,B,2025-06-14,197,493,976,2.75,99.17,3,98.86,0.706,released
LOT-00547,BRN3,L3,C,2025-05-27,71,525,815,2.73,98.84,2,99.79,0.222,released
LOT-00548,MEX2,L4,A,2024-07-05,83,1018,538,4.01,99.22,3,98.50,1.831,released
LOT-00549,DET1,L4,C,2024-12-04,127,785,1022,3.18,98.65,1,99.27,0.958,released
LOT-00550,BRN3,L6,C,2025-09-13,170,567,1039,4.56,98.87,0,99.82,1.185,released
LOT-00551,SAX4,L5,B,2026-03-16,178,398,1393,3.92,98.96,0,99.04,0.647,released
LOT-00552,SAX4,L5,A,2025-05-20,117,456,538,3.80,98.91,2,99.86,0.346,released
LOT-00553,SAX4,L1,B,2026-01-24,80,939,997,4.62,98.58,0,96.73,0.320,released
LOT-00554,SAX4,L7,C,2025-05-25,61,1265,804,2.78,98.92,0,96.72,0.190,released
LOT-00555,ONT1,L7,B,2025-11-21,195,317,1489,4.48,98.92,1,99.12,0.947,released
LOT-00556,DET1,L7,B,2026-05-18,232,1111,734,4.40,98.68,2,97.85,1.089,released
LOT-00557,BRN3,L1,A,2025-03-18,142,681,1498,3.75,99.18,1,97.15,0.579,released
LOT-00558,DET1,L2,A,2026-03-13,58,737,1576,4.32,98.51,0,96.97,1.081,released
LOT-00559,SAX4,L6,A,2026-03-30,164,621,1377,2.72,98.85,3,96.73,0.760,released
LOT-00560,SAX4,L1,C,2024-08-27,110,899,842,3.38,99.26,1,98.70,1.773,released
LOT-00561,DET1,L5,C,2025-11-23,47,926,1118,2.99,98.83,3,97.89,1.309,released
LOT-00562,ONT1,L1,B,2025-08-01,73,1237,962,2.80,98.64,2,99.46,0.440,released
LOT-00563,MEX2,L3,C,2025-06-16,235,700,760,3.57,98.90,3,97.96,1.525,released
LOT-00564,SAX4,L4,A,2026-03-09,52,725,1506,4.02,98.86,2,97.30,0.835,released
LOT-00565,DET1,L2,C,2024-10-04,124,1087,1180,4.66,99.00,1,99.74,1.024,released
LOT-00566,ONT1,L4,B,2025-08-02,214,1035,1741,2.88,98.45,2,99.22,0.867,released
LOT-00567,KOB1,L7,A,2026-03-04,84,832,1491,4.15,99.02,3,98.26,1.663,released
LOT-00568,DET1,L3,B,2025-02-15,94,1602,905,4.00,98.82,1,97.53,0.894,containment
LOT-00569,BRN3,L6,C,2026-05-11,173,1072,1110,3.17,98.95,2,99.42,0.695,released
LOT-00570,ONT1,L7,B,2026-02-21,158,882,1432,4.78,98.79,0,98.10,0.964,released
LOT-00571,MEX2,L3,A,2025-12-09,96,797,1196,4.34,99.23,1,97.44,0.655,released
LOT-00572,MEX2,L4,A,2025-02-03,183,553,1116,4.34,99.04,3,99.60,1.573,released
LOT-00573,SAX4,L1,B,2025-02-15,218,665,964,3.66,99.11,1,99.36,1.650,released
LOT-00574,ONT1,L6,B,2025-07-25,45,681,212,2.85,98.91,0,97.30,1.297,released
LOT-00575,KOB1,L2,A,2025-11-18,73,841,660,4.60,99.09,2,98.97,0.863,released
LOT-00576,MEX2,L1,C,2024-06-30,162,1143,1131,4.57,98.82,1,98.43,0.392,released
LOT-00577,KOB1,L1,C,2024-08-26,104,921,921,4.08,99.07,1,97.17,1.424,released
LOT-00578,SAX4,L5,C,2024-12-22,236,979,762,4.44,98.60,0,96.56,0.746,released
LOT-00579,MEX2,L3,C,2024-12-20,210,401,899,3.37,99.27,2,99.38,1.003,released
LOT-00580,SAX4,L1,C,2025-04-28,49,1011,1207,4.50,99.04,3,99.38,0.720,released
LOT-00581,KOB1,L4,A,2026-02-28,128,942,1910,4.51,98.61,0,99.06,0.589,released
LOT-00582,SAX4,L6,C,2026-01-05,221,827,1252,2.82,99.16,3,97.12,1.774,released
LOT-00583,MEX2,L7,B,2025-04-24,47,430,1277,3.67,99.03,1,99.57,0.960,released
LOT-00584,BRN3,L4,C,2024-09-16,123,1369,630,2.96,98.79,2,98.20,0.607,released
LOT-00585,DET1,L4,C,2024-08-28,61,440,1510,3.66,99.07,3,98.48,1.146,released
LOT-00586,DET1,L2,A,2026-03-14,189,1083,874,2.95,98.71,0,97.74,0.939,released
LOT-00587,KOB1,L3,B,2025-01-19,131,1043,2133,3.48,98.69,1,99.01,1.420,released
LOT-00588,KOB1,L4,A,2025-04-01,190,671,1138,2.70,99.00,0,99.70,1.269,released
LOT-00589,SAX4,L6,C,2024-01-20,86,1147,590,3.39,99.24,3,98.82,1.068,released
LOT-00590,KOB1,L2,B,2024-03-20,65,738,1259,4.31,98.60,2,98.74,1.531,released
LOT-00591,ONT1,L7,B,2024-07-14,115,906,35,4.32,98.96,1,99.52,1.661,released
LOT-00592,MEX2,L1,B,2026-06-08,125,1081,1198,3.46,98.64,0,97.59,0.446,released
LOT-00593,DET1,L3,B,2024-11-11,213,564,1338,3.00,98.67,2,96.80,1.319,released
LOT-00594,BRN3,L4,C,2026-01-23,216,267,809,3.52,98.83,3,96.76,1.794,released
LOT-00595,BRN3,L3,C,2025-08-28,209,531,1861,2.84,98.90,1,96.64,1.806,released
LOT-00596,MEX2,L2,C,2024-05-23,190,461,686,2.72,98.86,1,97.12,0.329,released
LOT-00597,MEX2,L3,A,2024-10-17,193,1082,1368,4.22,99.07,1,99.84,1.242,released
LOT-00598,DET1,L3,A,2024-04-08,208,1030,1348,3.17,98.70,0,97.85,1.182,released
LOT-00599,ONT1,L1,C,2025-10-01,233,1031,1281,4.48,99.03,2,98.50,1.085,released
LOT-00600,DET1,L3,A,2025-08-15,189,879,1418,3.01,98.77,1,96.91,0.495,released
LOT-00601,ONT1,L1,C,2024-05-27,188,993,1220,3.34,98.92,2,97.52,0.934,released
LOT-00602,SAX4,L4,A,2024-06-17,99,541,1065,3.13,99.10,2,96.55,1.222,released
LOT-00603,SAX4,L4,A,2025-08-24,115,769,2176,3.81,98.62,2,96.62,1.159,released
LOT-00604,ONT1,L4,C,2025-02-12,227,876,923,3.33,99.07,3,97.80,0.687,released
LOT-00605,DET1,L7,C,2025-12-15,160,786,1267,2.98,99.06,2,97.54,0.363,released
LOT-00606,DET1,L6,A,2024-11-01,231,1117,1598,3.58,98.72,2,98.24,1.305,released
LOT-00607,MEX2,L2,A,2024-10-21,101,1302,1696,3.43,98.60,1,97.70,0.930,released
LOT-00608,DET1,L4,A,2025-08-26,209,954,1451,2.98,99.01,0,99.54,0.882,released
LOT-00609,SAX4,L3,A,2024-04-17,158,1126,883,4.35,98.84,3,97.10,0.737,released
LOT-00610,BRN3,L1,B,2025-06-19,208,694,1175,3.48,98.88,0,97.13,0.672,released
LOT-00611,MEX2,L7,C,2026-03-04,178,196,1241,3.80,98.76,3,99.20,1.521,released
LOT-00612,SAX4,L2,B,2026-01-06,159,1890,825,4.11,98.65,3,99.98,0.741,hold
LOT-00613,BRN3,L1,A,2024-03-05,67,1174,1348,3.53,98.66,1,96.58,1.179,released
LOT-00614,DET1,L7,B,2025-08-17,88,1224,1512,4.56,99.12,2,99.84,0.239,released
LOT-00615,BRN3,L4,C,2026-06-03,65,757,1268,4.17,98.90,1,97.98,0.726,released
LOT-00616,DET1,L3,A,2025-07-05,51,859,1758,4.58,99.06,0,96.60,0.299,released
LOT-00617,MEX2,L7,C,2024-08-23,91,558,889,4.50,99.00,3,97.78,1.362,released
LOT-00618,KOB1,L5,C,2024-07-22,149,563,1525,3.89,98.72,2,97.50,1.502,released
LOT-00619,DET1,L7,B,2024-05-04,107,737,1532,4.26,98.59,2,96.70,0.251,released
LOT-00620,DET1,L3,A,2024-09-27,165,1093,1050,2.95,98.54,1,99.13,1.229,released
LOT-00621,KOB1,L7,C,2024-12-23,229,836,1284,3.18,98.87,0,98.14,0.326,released
LOT-00622,SAX4,L2,A,2025-01-08,226,349,736,2.71,99.17,2,97.71,0.840,released
LOT-00623,MEX2,L2,B,2026-02-21,99,732,21,2.79,99.17,3,98.68,1.666,released
LOT-00624,ONT1,L1,A,2026-03-31,79,782,961,3.27,99.06,2,97.41,0.593,released
LOT-00625,BRN3,L3,B,2025-05-26,195,154,985,3.05,99.21,2,96.95,1.021,released
LOT-00626,MEX2,L5,C,2024-06-20,134,1000,1759,4.15,98.71,1,98.88,1.655,released
LOT-00627,SAX4,L6,B,2025-03-26,148,1071,775,3.86,98.80,1,98.54,0.433,released
LOT-00628,MEX2,L7,B,2026-02-15,160,754,409,3.57,99.33,1,99.82,0.681,released
LOT-00629,ONT1,L2,A,2026-02-23,106,883,1045,2.70,98.60,2,99.17,0.423,released
LOT-00630,ONT1,L7,C,2025-11-11,125,1692,931,3.87,98.81,0,98.21,0.297,containment
LOT-00631,ONT1,L6,C,2025-04-10,117,370,821,3.73,99.03,3,99.55,0.684,released
LOT-00632,ONT1,L1,A,2025-01-08,197,596,1479,4.49,99.17,2,98.59,1.631,released
LOT-00633,ONT1,L5,A,2024-12-28,211,1197,1081,4.11,98.65,0,96.54,0.317,released
LOT-00634,BRN3,L6,C,2024-08-10,123,779,1729,3.49,98.52,1,97.29,1.816,released
LOT-00635,ONT1,L2,A,2025-12-17,90,1029,1714,4.70,98.90,1,98.58,1.641,released
LOT-00636,BRN3,L6,B,2026-03-08,173,775,990,4.27,98.99,3,97.46,1.421,released
LOT-00637,DET1,L6,A,2026-02-01,117,377,181,3.54,98.97,2,99.34,1.413,released
LOT-00638,MEX2,L1,A,2025-06-06,97,1101,711,4.25,98.76,1,97.33,0.364,released
LOT-00639,DET1,L3,C,2026-06-05,187,857,1376,3.79,98.82,3,97.12,1.302,released
LOT-00640,BRN3,L1,C,2025-01-10,103,494,417,3.77,99.38,1,98.27,0.799,released
LOT-00641,ONT1,L7,B,2025-12-19,104,644,1537,4.41,99.00,3,97.37,0.628,released
LOT-00642,BRN3,L2,A,2026-02-12,186,1003,123,3.24,98.73,3,97.67,0.986,released
LOT-00643,SAX4,L4,C,2025-02-06,201,639,527,3.08,98.78,2,99.42,1.751,released
LOT-00644,KOB1,L7,A,2025-03-10,184,375,669,3.37,98.74,3,97.55,1.186,released
LOT-00645,SAX4,L6,B,2026-02-09,198,1171,1742,3.64,99.01,1,99.35,1.139,released
LOT-00646,MEX2,L5,B,2025-09-28,102,1289,232,4.53,99.14,0,98.51,1.796,released
LOT-00647,MEX2,L1,C,2025-09-16,98,1199,647,4.36,99.04,2,99.94,0.209,released
LOT-00648,SAX4,L7,A,2024-12-14,222,560,1337,2.97,99.09,0,96.53,0.399,released
LOT-00649,MEX2,L2,A,2025-04-16,178,1128,256,4.08,99.30,3,96.58,0.818,released
LOT-00650,ONT1,L2,C,2024-06-13,174,870,1025,2.87,98.78,1,99.86,1.073,released
LOT-00651,KOB1,L1,C,2026-01-21,79,536,1571,4.70,98.58,3,96.90,1.334,released
LOT-00652,KOB1,L1,C,2024-04-06,234,1022,1904,2.72,98.94,2,98.48,1.285,released
LOT-00653,MEX2,L6,C,2024-07-04,210,969,1930,3.98,98.94,3,97.10,1.320,released
LOT-00654,KOB1,L1,B,2026-03-06,79,914,2132,3.28,99.01,1,97.30,0.595,released
LOT-00655,KOB1,L2,C,2026-01-16,46,946,437,3.12,99.28,2,96.59,1.037,released
LOT-00656,DET1,L5,C,2025-07-10,127,732,1683,2.75,98.49,3,99.38,1.125,released
LOT-00657,MEX2,L3,B,2025-09-18,142,370,672,3.31,98.72,3,97.14,0.822,released
LOT-00658,SAX4,L1,B,2024-05-14,51,1129,1658,3.89,98.80,2,97.90,0.206,released
LOT-00659,BRN3,L6,A,2025-12-30,122,979,780,3.43,98.86,3,98.96,1.756,released
LOT-00660,ONT1,L1,A,2024-12-07,192,408,1429,3.58,99.07,1,96.70,0.399,released
LOT-00661,MEX2,L1,A,2024-02-15,97,779,1806,2.79,98.98,1,98.65,0.544,released
LOT-00662,DET1,L7,C,2024-03-16,223,1362,1153,3.79,99.05,3,97.79,1.462,released
LOT-00663,DET1,L7,B,2025-03-02,121,1083,1598,3.06,98.63,3,98.85,0.850,released
LOT-00664,BRN3,L6,C,2024-10-04,240,638,1239,4.61,98.95,3,98.85,1.484,released
LOT-00665,SAX4,L2,A,2025-08-08,208,1228,1442,3.15,98.70,3,97.91,1.375,released
LOT-00666,BRN3,L6,B,2025-04-20,175,994,276,3.19,99.31,1,97.50,1.193,released
LOT-00667,MEX2,L2,B,2026-02-07,50,377,1215,4.23,99.24,1,98.88,1.574,released
LOT-00668,KOB1,L2,B,2024-08-10,147,394,1261,4.49,98.62,2,97.06,1.848,released
LOT-00669,ONT1,L3,B,2025-06-20,191,1074,2304,4.57,98.63,0,96.53,1.122,released
LOT-00670,SAX4,L1,C,2026-03-17,238,750,1658,4.62,99.11,3,99.50,1.557,released
LOT-00671,MEX2,L6,A,2024-10-04,100,1264,934,4.57,98.95,0,97.74,0.643,released
LOT-00672,ONT1,L7,C,2025-11-03,89,1112,1245,4.16,98.88,2,99.75,0.803,released
LOT-00673,MEX2,L2,B,2024-05-02,202,1087,484,4.25,98.98,2,99.00,1.354,released
LOT-00674,MEX2,L6,A,2024-10-28,239,516,1172,3.54,99.24,0,97.71,1.696,released
LOT-00675,SAX4,L5,C,2025-09-13,199,920,1667,3.84,98.95,0,97.01,0.890,released
LOT-00676,BRN3,L7,C,2025-10-12,158,654,1165,3.63,99.27,1,99.67,0.665,released
LOT-00677,ONT1,L5,B,2024-06-12,90,811,1726,4.31,99.09,1,99.00,0.444,released
LOT-00678,DET1,L4,B,2025-02-16,233,605,1200,3.31,98.86,2,99.43,0.761,released
LOT-00679,KOB1,L2,A,2025-09-20,227,832,1450,3.27,98.93,1,97.95,1.276,released
LOT-00680,KOB1,L2,A,2024-01-31,147,766,1465,4.49,98.83,0,97.72,0.745,released
LOT-00681,DET1,L3,B,2025-04-17,209,485,1906,3.61,99.10,3,98.34,1.645,released
LOT-00682,SAX4,L5,C,2026-03-08,189,1154,942,3.67,98.68,0,96.92,0.287,released
LOT-00683,ONT1,L3,C,2025-04-14,154,1081,1350,4.68,99.03,3,96.81,0.280,released
LOT-00684,SAX4,L5,B,2024-02-15,54,933,280,3.24,98.79,1,98.19,0.218,released
LOT-00685,KOB1,L2,C,2025-03-10,59,842,659,3.07,98.77,1,97.08,1.023,released
LOT-00686,MEX2,L4,C,2024-08-26,58,497,465,3.54,98.92,0,97.54,1.226,released
LOT-00687,ONT1,L1,A,2026-04-26,138,1070,1361,3.04,98.58,1,99.17,1.837,released
LOT-00688,MEX2,L3,C,2024-11-20,217,444,1229,2.73,99.02,0,99.59,0.239,released
LOT-00689,ONT1,L7,C,2025-09-15,183,821,1187,4.43,98.58,0,96.52,1.492,released
LOT-00690,BRN3,L3,A,2026-03-08,132,1206,1031,4.57,99.09,0,97.74,1.171,released
LOT-00691,MEX2,L3,B,2024-10-12,214,1036,1236,3.12,98.71,1,98.48,0.884,released
LOT-00692,DET1,L2,A,2025-05-20,148,950,1949,4.72,98.69,1,97.29,0.786,released
LOT-00693,DET1,L5,C,2025-09-13,175,1052,1456,4.65,99.09,3,97.82,0.737,released
LOT-00694,KOB1,L5,C,2025-01-21,156,796,1349,4.57,99.00,3,99.03,0.946,released
LOT-00695,KOB1,L2,B,2024-03-28,132,735,1426,4.59,98.79,0,97.42,1.305,released
LOT-00696,MEX2,L1,C,2024-04-23,217,413,1633,3.08,98.95,3,96.83,1.227,released
LOT-00697,BRN3,L7,C,2025-09-24,122,1260,1159,4.49,98.82,3,99.16,0.605,released
LOT-00698,ONT1,L5,C,2024-07-23,60,1007,1500,4.47,99.08,2,97.75,1.666,released
LOT-00699,KOB1,L3,A,2025-04-18,141,504,1714,4.72,99.09,0,98.43,0.908,released
LOT-00700,MEX2,L1,C,2024-05-08,92,609,1434,3.11,99.20,0,97.47,0.746,released
LOT-00701,MEX2,L3,A,2025-02-24,61,1060,1285,4.72,98.49,1,97.14,0.713,released
LOT-00702,DET1,L2,C,2025-11-02,82,466,664,3.20,99.27,2,98.69,0.464,released
LOT-00703,DET1,L5,C,2024-04-24,165,629,1021,3.46,99.29,0,99.00,0.300,released
LOT-00704,MEX2,L6,C,2026-03-10,182,536,1413,2.82,98.63,3,98.16,0.565,released
LOT-00705,MEX2,L7,A,2025-08-12,184,666,575,3.05,99.08,2,97.82,0.247,released
LOT-00706,ONT1,L2,C,2026-01-16,198,799,905,4.33,98.75,0,97.24,0.806,released
LOT-00707,SAX4,L7,B,2024-12-21,53,555,1041,3.80,98.99,0,98.83,0.310,released
LOT-00708,SAX4,L4,C,2025-06-06,131,1023,778,4.20,98.98,2,98.84,1.053,released
LOT-00709,MEX2,L6,C,2025-05-29,64,611,1221,3.94,99.05,2,96.57,1.655,released
LOT-00710,DET1,L6,A,2024-03-15,222,1172,1165,4.08,98.68,2,97.43,1.132,released
LOT-00711,BRN3,L3,B,2024-08-17,211,800,425,3.93,98.87,2,99.73,1.834,released
LOT-00712,BRN3,L6,C,2025-12-19,46,808,1642,4.35,98.55,2,98.49,0.928,released
LOT-00713,ONT1,L7,A,2024-04-23,235,744,713,4.30,99.07,3,97.91,1.052,released
LOT-00714,KOB1,L1,A,2025-07-15,135,675,1237,4.45,98.91,2,98.11,0.407,released
LOT-00715,BRN3,L7,B,2024-08-05,126,420,1608,4.00,98.63,0,98.31,1.086,released
LOT-00716,ONT1,L3,A,2024-03-08,164,1411,1986,4.01,98.55,0,97.86,0.448,released
LOT-00717,SAX4,L4,B,2025-04-02,141,1217,1788,4.46,98.39,3,96.87,0.845,released
LOT-00718,KOB1,L5,C,2025-08-19,80,888,1960,4.47,98.44,3,99.66,0.616,released
LOT-00719,DET1,L5,B,2026-01-10,123,1183,1467,3.65,98.72,1,96.65,1.604,released
LOT-00720,DET1,L4,A,2026-06-13,159,283,1223,4.59,99.31,0,98.09,0.263,released
LOT-00721,DET1,L7,B,2025-02-09,218,455,773,3.74,99.26,1,99.00,0.466,released
LOT-00722,BRN3,L5,B,2025-07-07,228,805,1224,4.35,99.19,1,98.81,0.496,released
LOT-00723,ONT1,L6,A,2024-06-15,54,1218,694,3.90,98.79,0,97.94,0.934,released
LOT-00724,DET1,L1,C,2026-04-24,68,1200,559,4.11,99.18,1,97.56,0.762,released
LOT-00725,DET1,L2,A,2024-10-26,124,1043,1831,3.41,98.74,2,99.92,0.360,released
LOT-00726,SAX4,L7,A,2025-06-29,54,442,1703,3.19,99.18,3,99.58,0.970,released
LOT-00727,DET1,L7,B,2024-05-02,156,216,1304,3.50,99.29,2,96.58,0.294,released
LOT-00728,ONT1,L1,B,2024-06-08,187,1130,797,2.71,99.10,1,98.74,1.308,released
LOT-00729,DET1,L7,A,2025-07-18,231,935,1957,4.68,98.62,3,96.88,0.231,released
LOT-00730,BRN3,L7,A,2025-07-07,127,951,1030,2.87,98.56,0,98.76,0.382,released
LOT-00731,DET1,L2,A,2024-06-12,225,951,913,4.64,98.94,3,97.62,1.120,released
LOT-00732,MEX2,L1,C,2026-05-12,123,0,2035,2.95,98.95,1,97.98,1.743,released
LOT-00733,DET1,L2,A,2025-01-15,59,255,593,4.06,98.90,3,99.31,1.428,released
LOT-00734,ONT1,L3,A,2024-11-16,125,524,1088,3.93,99.15,2,97.72,1.623,released
LOT-00735,KOB1,L2,C,2026-04-24,150,343,1295,4.74,99.22,3,97.16,1.560,released
LOT-00736,MEX2,L6,C,2024-07-20,74,1308,2379,3.41,98.38,3,96.58,0.986,released
LOT-00737,MEX2,L6,A,2024-03-19,198,753,1539,4.33,98.56,3,97.47,1.193,released
LOT-00738,ONT1,L1,C,2026-06-11,165,865,1431,2.74,98.87,1,98.99,1.288,released
LOT-00739,KOB1,L4,B,2026-01-25,151,780,1912,2.88,98.85,2,98.62,0.565,released
LOT-00740,BRN3,L4,A,2024-11-14,115,739,984,2.93,98.59,0,99.79,1.622,released
LOT-00741,SAX4,L6,B,2025-09-10,138,481,652,4.10,99.24,2,99.19,1.145,released
LOT-00742,DET1,L1,A,2025-07-02,116,916,415,4.61,98.77,1,98.11,1.843,released
LOT-00743,BRN3,L6,A,2025-07-22,159,386,1450,3.28,99.23,1,98.84,1.014,released
LOT-00744,DET1,L4,A,2025-05-11,86,662,1290,3.45,99.10,2,98.98,1.657,released
LOT-00745,ONT1,L2,B,2025-10-21,235,726,1182,3.87,98.76,0,97.64,0.438,released
LOT-00746,MEX2,L2,A,2025-01-20,85,959,1291,4.48,98.96,2,98.53,0.586,released
LOT-00747,MEX2,L5,B,2025-07-28,172,1075,1156,3.83,99.20,0,98.98,1.494,released
LOT-00748,MEX2,L6,B,2025-04-09,120,832,863,3.40,98.89,1,99.49,1.275,released
LOT-00749,DET1,L5,C,2026-06-05,75,1290,1386,2.95,98.54,1,98.63,1.746,released
LOT-00750,DET1,L5,B,2026-02-17,228,677,1237,3.89,99.12,1,98.08,1.755,released
LOT-00751,BRN3,L6,A,2025-07-12,173,821,1447,4.73,98.93,1,96.79,0.986,released
LOT-00752,BRN3,L5,A,2024-04-27,186,585,922,4.09,98.66,1,97.91,0.389,released
LOT-00753,KOB1,L7,C,2024-07-22,76,703,1748,2.70,98.76,0,97.71,0.919,released
LOT-00754,MEX2,L7,C,2025-10-09,197,1791,1077,4.46,98.84,3,97.50,1.040,containment
LOT-00755,SAX4,L3,A,2024-08-27,182,667,396,3.39,98.95,2,97.34,0.872,released
LOT-00756,KOB1,L3,B,2024-05-27,182,1431,1635,3.22,98.42,2,97.36,0.268,released
LOT-00757,ONT1,L4,C,2024-11-14,50,714,0,2.93,99.35,3,98.09,1.403,released
LOT-00758,KOB1,L1,A,2026-03-25,153,777,1665,3.75,98.79,0,97.35,0.725,released
LOT-00759,ONT1,L2,A,2026-06-07,97,831,1454,3.77,99.18,3,97.72,0.437,released
LOT-00760,BRN3,L5,A,2025-05-22,141,663,1688,3.62,98.90,1,99.96,1.600,released
LOT-00761,KOB1,L5,A,2026-02-16,111,321,694,2.98,98.90,2,96.78,1.434,released
LOT-00762,MEX2,L4,C,2024-12-14,165,1072,981,3.46,99.09,0,96.70,1.035,released
LOT-00763,DET1,L7,B,2024-01-11,208,590,1173,3.48,98.66,0,98.89,1.791,released
LOT-00764,ONT1,L5,A,2024-07-21,133,470,1067,3.54,99.30,3,98.01,1.221,released
LOT-00765,DET1,L6,B,2025-08-03,127,743,1117,3.30,98.64,0,99.57,0.711,released
LOT-00766,SAX4,L7,A,2024-10-02,131,860,1007,3.84,99.19,1,97.61,0.605,released
LOT-00767,BRN3,L1,B,2024-12-02,75,1211,908,3.42,98.95,0,99.24,1.579,released
LOT-00768,DET1,L2,C,2026-01-08,114,1164,1384,4.74,98.62,2,99.24,0.758,released
LOT-00769,BRN3,L5,B,2024-04-11,146,646,1696,3.57,98.83,3,98.86,0.874,released
LOT-00770,DET1,L1,C,2026-02-14,157,1028,1362,4.64,99.11,2,97.66,1.038,released
LOT-00771,KOB1,L3,B,2026-06-16,81,903,1270,4.07,98.78,0,99.31,0.608,released
LOT-00772,MEX2,L6,B,2025-08-06,215,744,738,3.66,98.80,1,99.08,0.304,released
LOT-00773,KOB1,L3,B,2025-09-10,107,1099,1650,3.60,98.44,0,97.61,0.317,released
LOT-00774,ONT1,L5,C,2026-05-04,158,535,1782,3.61,98.51,0,98.50,0.898,released
LOT-00775,KOB1,L1,C,2025-12-06,64,991,1250,2.92,98.56,3,97.67,1.170,released
LOT-00776,ONT1,L3,C,2025-04-16,162,1032,0,4.68,98.74,0,99.25,0.339,released
LOT-00777,ONT1,L3,C,2026-05-09,174,1163,954,4.11,98.69,0,99.00,1.554,released
LOT-00778,MEX2,L3,B,2024-05-08,171,625,656,4.45,99.15,1,99.45,0.736,released
LOT-00779,KOB1,L2,B,2024-07-05,232,549,1332,4.13,98.87,2,96.55,1.004,released
LOT-00780,ONT1,L2,B,2025-01-06,88,575,1601,4.20,98.95,3,99.42,1.135,released
LOT-00781,BRN3,L7,A,2024-04-29,195,1097,1081,4.72,98.61,2,98.78,1.836,released
LOT-00782,BRN3,L5,C,2025-11-16,172,849,1105,3.40,98.74,2,98.68,0.275,released
LOT-00783,KOB1,L2,A,2026-01-24,99,514,1327,3.75,98.65,1,97.63,1.765,released
LOT-00784,BRN3,L6,C,2024-11-23,170,1133,2185,3.37,98.59,0,98.92,0.879,released
LOT-00785,MEX2,L5,B,2024-02-08,50,826,1601,3.78,99.12,1,99.70,1.525,released
LOT-00786,ONT1,L2,C,2026-02-26,196,389,1073,2.91,99.18,1,97.86,1.705,released
LOT-00787,ONT1,L1,B,2024-12-11,102,1076,662,2.84,98.69,1,98.25,1.182,released
LOT-00788,KOB1,L4,C,2025-01-12,122,583,1387,4.43,98.79,0,98.94,1.105,released
LOT-00789,MEX2,L2,A,2024-11-28,88,845,1969,2.88,99.02,3,99.27,0.382,released
LOT-00790,KOB1,L1,B,2024-09-04,154,857,585,4.26,99.22,2,96.57,0.794,released
LOT-00791,DET1,L2,C,2024-04-17,57,1095,1108,2.82,99.08,1,97.77,1.489,released
LOT-00792,ONT1,L5,B,2024-01-18,46,1296,1032,3.04,98.63,1,99.20,1.453,released
LOT-00793,DET1,L1,C,2025-03-13,140,594,351,3.33,98.73,0,98.89,1.743,released
LOT-00794,MEX2,L3,A,2024-11-07,145,476,1128,3.46,98.81,1,97.23,0.829,released
LOT-00795,MEX2,L5,C,2025-09-29,52,992,1236,4.23,99.18,1,99.08,1.386,released
LOT-00796,ONT1,L5,A,2024-11-25,78,525,952,4.28,99.01,1,99.48,0.277,released
LOT-00797,SAX4,L6,A,2025-08-03,121,188,845,3.46,99.36,1,97.02,0.238,released
LOT-00798,DET1,L3,A,2024-02-24,72,790,1212,3.27,98.64,2,99.42,0.989,released
LOT-00799,SAX4,L3,A,2024-10-25,228,1217,1467,4.69,99.02,3,97.59,1.301,released
LOT-00800,KOB1,L4,C,2026-05-23,111,553,2547,2.77,98.81,2,98.28,1.137,released
LOT-00801,BRN3,L7,C,2026-06-13,186,635,1006,3.83,98.62,3,99.71,1.150,released
LOT-00802,SAX4,L5,B,2025-03-19,148,323,1449,4.19,98.71,0,98.37,1.104,released
LOT-00803,MEX2,L6,B,2024-12-14,191,1339,1043,3.95,99.06,1,99.70,0.660,released
LOT-00804,MEX2,L1,A,2025-07-07,160,1125,1426,3.39,98.98,3,99.56,0.831,released
LOT-00805,ONT1,L7,A,2025-07-08,131,732,1588,3.05,99.19,2,97.77,0.458,released
LOT-00806,KOB1,L7,B,2026-05-30,226,1010,1204,3.23,98.66,2,99.10,0.473,released
LOT-00807,KOB1,L4,B,2025-11-06,206,1277,1122,2.74,98.89,3,99.69,1.153,released
LOT-00808,ONT1,L3,B,2024-03-23,173,1078,1024,4.47,98.90,1,97.82,1.263,released
LOT-00809,BRN3,L7,B,2025-07-16,157,601,1267,4.49,99.09,1,96.65,1.815,released
LOT-00810,ONT1,L3,C,2025-08-03,176,661,1419,3.78,98.56,2,97.62,0.430,released
LOT-00811,DET1,L1,A,2024-12-05,232,1256,740,2.95,98.57,3,97.91,0.745,released
LOT-00812,KOB1,L1,A,2025-01-17,113,826,1169,3.23,99.08,1,99.25,0.590,released
LOT-00813,MEX2,L2,A,2025-06-28,229,780,1659,3.87,99.16,1,99.52,1.347,released
LOT-00814,ONT1,L5,A,2024-05-27,77,394,860,4.47,98.69,0,96.55,0.705,released
LOT-00815,DET1,L1,B,2025-11-13,112,471,1177,4.23,99.23,2,98.18,1.133,released
LOT-00816,SAX4,L2,A,2025-05-12,218,651,1035,4.06,99.28,2,99.85,0.462,released
LOT-00817,BRN3,L7,C,2025-11-15,111,1069,940,2.86,98.92,2,97.97,1.842,released
LOT-00818,DET1,L7,B,2026-03-27,113,1025,1993,3.93,98.61,3,99.64,0.505,released
LOT-00819,KOB1,L4,A,2026-04-16,134,469,1605,4.60,98.73,3,97.25,1.112,released
LOT-00820,BRN3,L5,C,2025-11-15,114,662,1889,3.37,98.82,2,97.54,0.598,released
LOT-00821,MEX2,L5,A,2025-04-18,203,488,943,4.63,98.93,0,99.15,1.788,released
LOT-00822,DET1,L6,C,2024-01-25,132,621,1253,3.71,98.61,0,97.35,1.784,released
LOT-00823,MEX2,L7,B,2024-05-09,150,1070,1126,4.34,99.03,1,98.05,1.207,released
LOT-00824,MEX2,L3,A,2026-02-10,95,1159,1553,4.58,98.68,3,99.40,1.628,released
LOT-00825,DET1,L7,C,2026-03-11,121,955,1516,4.21,99.07,2,99.43,0.781,released
LOT-00826,ONT1,L7,B,2025-10-11,103,889,1485,4.52,98.93,1,99.26,0.933,released
LOT-00827,DET1,L1,A,2026-03-05,51,497,812,4.57,99.01,1,98.47,0.729,released
LOT-00828,SAX4,L3,C,2024-02-05,59,431,1378,2.96,99.23,2,97.59,0.851,released
LOT-00829,BRN3,L7,C,2024-09-06,98,1385,728,2.78,98.95,2,96.78,1.306,released
LOT-00830,DET1,L1,A,2024-02-05,50,555,888,4.74,99.10,3,97.32,0.629,released
LOT-00831,DET1,L6,A,2024-04-13,141,646,625,2.93,99.01,2,98.57,1.811,released
LOT-00832,ONT1,L1,B,2024-01-19,226,1044,1020,4.10,98.99,0,96.82,0.939,released
LOT-00833,ONT1,L1,B,2024-08-06,206,735,443,4.09,99.14,3,97.81,1.615,released
LOT-00834,ONT1,L2,B,2025-03-20,57,965,1123,4.77,98.72,1,96.59,1.742,released
LOT-00835,BRN3,L5,A,2026-06-05,77,1320,1479,3.96,98.66,3,98.86,0.862,released
LOT-00836,SAX4,L1,C,2024-03-19,124,419,2008,3.64,98.50,1,99.06,0.478,released
LOT-00837,SAX4,L3,A,2024-07-20,82,751,1780,3.10,98.88,3,99.30,0.435,released
LOT-00838,ONT1,L2,C,2024-07-24,57,1019,1722,2.99,98.52,1,98.61,0.662,released
LOT-00839,MEX2,L4,B,2025-12-11,90,832,1664,3.83,98.94,2,99.38,1.194,released
LOT-00840,SAX4,L4,A,2024-10-05,123,649,1160,4.64,98.82,2,99.02,1.430,released
LOT-00841,SAX4,L6,B,2025-09-25,213,601,1601,4.22,99.02,0,98.57,0.786,released
LOT-00842,MEX2,L4,C,2024-12-09,211,1103,1397,4.04,99.08,2,99.33,1.318,released
LOT-00843,SAX4,L5,B,2024-09-20,238,770,1439,3.29,99.02,0,98.38,0.205,released
LOT-00844,KOB1,L7,B,2026-02-28,125,1256,961,3.33,98.98,2,98.39,1.161,released
LOT-00845,BRN3,L3,B,2024-12-09,230,722,1887,4.30,98.74,2,98.70,0.226,released
LOT-00846,DET1,L2,C,2025-06-06,72,927,1885,4.19,98.47,3,97.43,1.583,released
LOT-00847,DET1,L4,B,2025-05-30,83,1294,1712,2.96,98.80,3,97.20,0.784,released
LOT-00848,BRN3,L2,B,2025-03-12,180,251,131,2.86,99.03,1,99.36,1.395,released
LOT-00849,SAX4,L4,A,2026-04-01,58,1178,1167,3.05,98.66,0,98.86,0.534,released
LOT-00850,SAX4,L7,B,2024-02-03,111,475,1498,3.67,98.91,0,98.83,1.650,released
LOT-00851,BRN3,L1,C,2026-02-09,115,1021,1618,4.26,98.85,0,96.94,0.353,released
LOT-00852,ONT1,L1,C,2024-05-06,166,970,806,3.49,99.12,3,98.47,0.541,released
LOT-00853,DET1,L7,C,2025-01-29,207,524,1208,3.95,98.66,3,97.77,0.617,released
LOT-00854,ONT1,L2,A,2025-10-03,225,665,1711,4.56,98.52,1,97.91,0.350,released
LOT-00855,DET1,L1,A,2026-01-13,55,238,1053,4.54,99.23,1,97.35,0.384,released
LOT-00856,ONT1,L7,B,2024-12-20,216,1609,1505,3.09,98.79,0,98.82,1.646,released
LOT-00857,SAX4,L6,A,2026-06-10,111,798,623,3.22,98.94,3,99.34,0.425,released
LOT-00858,DET1,L2,B,2025-10-07,73,943,1109,3.64,99.01,3,99.80,0.339,released
LOT-00859,KOB1,L4,B,2026-05-15,187,732,1221,4.39,99.11,1,98.19,1.633,released
LOT-00860,ONT1,L3,A,2026-02-28,160,887,894,4.04,98.73,0,98.75,1.264,released
LOT-00861,DET1,L4,B,2024-02-04,170,568,1079,3.27,98.77,3,99.61,0.481,released
LOT-00862,SAX4,L3,A,2026-05-21,146,882,793,4.25,98.61,2,98.29,0.310,released
LOT-00863,MEX2,L2,C,2026-05-17,166,945,1760,3.61,98.93,2,99.13,1.066,released
LOT-00864,DET1,L3,A,2024-09-25,122,996,838,3.95,98.64,1,97.29,1.063,released
LOT-00865,DET1,L7,A,2026-05-04,137,712,1855,2.81,99.12,1,97.51,0.600,released
LOT-00866,SAX4,L7,B,2024-07-15,70,1180,388,4.79,98.84,1,98.76,0.702,released
LOT-00867,DET1,L2,C,2026-03-24,68,989,574,2.88,98.92,1,97.85,1.386,released
LOT-00868,MEX2,L4,C,2024-04-25,203,649,939,4.76,98.94,1,99.31,1.269,released
LOT-00869,ONT1,L2,A,2025-07-23,187,545,1413,3.28,98.61,0,97.37,0.313,released
LOT-00870,KOB1,L6,B,2026-05-29,101,565,798,4.43,98.79,1,98.75,0.322,released
LOT-00871,DET1,L4,B,2024-11-19,138,545,1651,2.98,99.13,0,98.38,0.960,released
LOT-00872,BRN3,L6,A,2024-12-17,144,363,1396,4.26,98.73,3,98.22,0.896,released
LOT-00873,ONT1,L3,C,2024-04-25,134,460,801,3.82,99.11,3,97.22,1.681,released
LOT-00874,SAX4,L7,C,2025-08-09,131,1037,1093,2.74,98.87,2,96.56,0.730,released
LOT-00875,MEX2,L5,C,2025-11-16,73,1232,877,4.21,98.95,2,99.30,1.674,released
LOT-00876,DET1,L6,C,2026-02-28,98,288,1024,3.05,99.18,3,98.24,0.952,released
LOT-00877,ONT1,L3,B,2024-02-06,206,542,1810,3.44,98.64,1,97.25,1.491,released
LOT-00878,SAX4,L7,A,2024-03-06,102,1324,836,3.06,98.94,0,97.68,1.740,released
LOT-00879,DET1,L6,C,2025-10-20,220,1373,1526,3.47,98.98,0,98.47,1.564,released
LOT-00880,ONT1,L6,B,2025-03-10,211,1229,1046,2.95,98.84,2,99.06,1.257,released
LOT-00881,KOB1,L4,C,2026-04-10,51,803,689,2.95,99.06,2,97.35,0.612,released
LOT-00882,DET1,L7,A,2024-05-19,216,1165,421,4.49,98.68,3,98.72,1.015,released
LOT-00883,BRN3,L4,C,2025-05-14,196,896,1181,3.35,99.06,2,99.87,1.382,released
LOT-00884,DET1,L4,B,2024-05-07,65,594,1207,3.11,98.98,2,98.35,0.572,released
LOT-00885,SAX4,L5,C,2024-08-17,182,864,336,4.25,99.19,1,99.70,1.676,released
LOT-00886,DET1,L2,A,2024-05-15,128,629,1536,4.23,98.57,2,99.13,1.519,released
LOT-00887,SAX4,L1,A,2026-04-14,220,1229,1441,4.27,98.67,3,98.01,0.491,released
LOT-00888,MEX2,L1,A,2024-08-11,136,353,1218,4.80,98.79,0,98.20,0.810,released
LOT-00889,DET1,L5,B,2025-04-08,135,816,1112,4.48,99.12,1,97.86,0.745,released
LOT-00890,KOB1,L2,B,2024-06-18,208,901,1367,3.21,98.67,2,98.15,0.345,released
LOT-00891,BRN3,L1,A,2025-06-10,58,694,1603,4.60,99.05,1,97.26,0.521,released
LOT-00892,ONT1,L4,A,2024-03-17,83,674,1263,3.60,99.15,3,97.59,1.614,released
LOT-00893,DET1,L3,A,2024-07-29,152,832,1558,3.60,99.17,0,99.00,1.621,released
LOT-00894,SAX4,L5,B,2024-07-04,149,1357,1601,4.15,98.52,3,99.32,0.558,released
LOT-00895,BRN3,L4,A,2024-01-03,226,384,1732,3.08,98.94,1,99.59,1.179,released
LOT-00896,ONT1,L1,A,2024-10-27,120,1011,1490,4.11,98.80,2,99.69,1.609,released
LOT-00897,KOB1,L2,A,2024-04-25,160,794,320,4.41,98.77,1,98.79,1.175,released
LOT-00898,MEX2,L1,C,2026-05-21,88,957,1129,4.16,98.92,2,97.06,0.731,released
LOT-00899,DET1,L4,C,2024-10-29,215,1144,0,2.83,98.68,1,99.58,1.632,released
LOT-00900,KOB1,L7,A,2026-03-06,116,454,1587,3.20,98.61,3,97.89,0.845,released
LOT-00901,SAX4,L2,C,2025-11-07,135,942,1697,3.37,99.03,1,98.90,1.285,released
LOT-00902,DET1,L2,A,2025-10-18,129,860,1238,4.20,98.53,1,96.57,0.844,released
LOT-00903,DET1,L6,C,2026-05-27,88,1114,1495,2.86,99.01,2,99.55,0.532,released
LOT-00904,DET1,L7,A,2024-02-02,158,1149,824,4.02,98.87,1,99.86,1.338,released
LOT-00905,BRN3,L6,A,2024-08-12,211,226,1084,3.31,99.19,0,99.16,1.245,released
LOT-00906,DET1,L3,B,2024-01-18,135,772,527,4.18,98.92,1,98.58,1.232,released
LOT-00907,KOB1,L7,A,2024-08-09,192,906,1695,3.56,98.71,0,97.22,1.622,released
LOT-00908,DET1,L3,A,2024-12-08,149,659,1060,4.00,98.94,2,98.96,1.456,released
LOT-00909,KOB1,L4,B,2025-08-25,84,1384,977,3.15,98.64,3,99.04,1.677,released
LOT-00910,DET1,L7,A,2025-07-31,182,667,553,2.85,98.93,3,97.05,1.025,released
LOT-00911,BRN3,L2,C,2024-10-09,136,779,1180,3.87,98.71,0,99.06,1.434,released
LOT-00912,ONT1,L7,C,2025-06-12,85,1255,999,4.17,98.91,0,97.27,0.353,released
LOT-00913,DET1,L6,C,2025-11-09,172,868,1601,2.73,99.02,3,97.45,1.259,released
LOT-00914,KOB1,L4,C,2024-12-31,152,1193,1414,2.97,98.49,3,99.14,1.694,released
LOT-00915,KOB1,L5,C,2025-01-04,223,282,1834,2.96,99.08,1,97.05,1.115,released
LOT-00916,KOB1,L1,B,2026-06-02,120,1306,1377,2.92,98.56,1,99.52,1.494,released
LOT-00917,DET1,L3,C,2026-05-16,219,1052,1265,4.40,98.62,2,97.94,1.270,released
LOT-00918,BRN3,L3,C,2025-12-23,199,519,812,4.42,99.09,2,98.44,1.761,released
LOT-00919,ONT1,L4,B,2025-05-28,215,789,954,3.98,99.22,1,99.85,0.666,released
LOT-00920,BRN3,L5,C,2024-03-25,138,977,716,3.22,98.86,1,97.67,1.042,released
LOT-00921,SAX4,L7,C,2024-10-13,217,836,1329,3.20,98.73,1,99.21,0.731,released
LOT-00922,MEX2,L6,C,2025-06-24,189,1295,597,3.14,99.02,0,97.42,1.063,released
LOT-00923,MEX2,L1,C,2025-08-28,217,1150,1253,3.64,98.93,2,97.01,0.333,released
LOT-00924,MEX2,L5,C,2025-05-14,232,1287,1717,3.69,98.52,1,99.37,1.194,released
LOT-00925,MEX2,L7,C,2024-12-16,79,824,432,4.13,99.02,2,99.64,0.244,released
LOT-00926,KOB1,L4,A,2026-06-10,102,214,1270,4.59,98.79,3,97.25,0.748,released
LOT-00927,KOB1,L7,B,2026-01-08,233,456,1800,4.58,98.80,2,97.10,1.803,released
LOT-00928,ONT1,L4,A,2024-02-03,228,911,1631,4.44,98.99,2,97.26,1.520,released
LOT-00929,MEX2,L3,B,2024-06-28,165,1171,78,2.88,99.04,1,98.75,0.894,released
LOT-00930,ONT1,L7,A,2025-04-15,208,1075,2119,2.73,99.00,3,96.96,0.801,released
LOT-00931,KOB1,L3,C,2025-03-21,116,459,770,3.35,99.24,0,96.91,1.325,released
LOT-00932,DET1,L4,C,2024-04-26,170,761,1906,3.24,98.94,1,98.08,0.748,released
LOT-00933,BRN3,L3,B,2026-05-31,234,918,1477,3.66,98.53,3,99.49,0.229,released
LOT-00934,ONT1,L7,B,2025-05-21,104,702,729,2.96,99.32,1,98.34,1.406,released
LOT-00935,SAX4,L5,A,2025-05-05,81,720,423,4.76,98.74,3,98.48,0.354,released
LOT-00936,SAX4,L5,A,2024-12-08,214,835,1170,3.15,98.62,1,99.25,1.761,released
LOT-00937,SAX4,L7,A,2026-02-14,82,861,1224,3.07,99.11,2,98.17,1.096,released
LOT-00938,SAX4,L6,A,2024-05-30,175,1084,393,4.34,98.86,3,96.59,0.663,released
LOT-00939,BRN3,L4,C,2024-10-16,185,376,878,4.72,98.78,0,96.81,0.267,released
LOT-00940,SAX4,L2,C,2024-08-16,101,1312,2130,3.16,98.89,0,98.20,1.675,released
LOT-00941,DET1,L1,C,2024-05-02,139,896,790,3.53,99.03,1,99.44,0.644,released
LOT-00942,BRN3,L3,A,2026-05-10,212,581,1568,4.26,99.21,0,99.92,0.244,released
LOT-00943,KOB1,L5,A,2025-04-12,149,424,1425,3.69,98.67,0,96.55,0.681,released
LOT-00944,MEX2,L2,B,2026-01-13,149,847,1282,4.13,98.71,1,96.64,0.407,released
LOT-00945,KOB1,L4,B,2024-09-20,164,1314,1306,4.13,98.66,0,99.57,1.072,released
LOT-00946,MEX2,L4,C,2024-10-08,65,1398,1136,2.92,98.50,0,99.31,0.440,released
LOT-00947,DET1,L3,C,2025-12-16,133,558,364,4.21,98.92,1,99.37,0.218,released
LOT-00948,KOB1,L6,A,2025-11-21,56,879,1631,3.82,98.86,1,97.09,1.440,released
LOT-00949,KOB1,L3,B,2024-05-05,49,790,941,4.25,98.63,0,99.45,1.597,released
LOT-00950,MEX2,L4,A,2025-01-18,236,945,1811,4.42,98.50,2,98.48,0.422,released
LOT-00951,DET1,L1,A,2024-03-12,173,858,1044,3.88,99.16,2,97.04,0.598,released
LOT-00952,ONT1,L5,A,2024-04-07,73,985,660,4.22,98.94,2,97.01,1.501,released
LOT-00953,SAX4,L1,A,2025-05-24,216,668,1828,2.73,98.50,2,98.39,0.745,released
LOT-00954,SAX4,L1,B,2024-05-10,68,1091,1579,2.95,99.12,1,97.55,1.484,released
LOT-00955,BRN3,L7,B,2026-04-28,114,1435,2122,3.58,98.51,2,96.87,0.236,released
LOT-00956,MEX2,L6,B,2026-02-13,219,1208,1323,4.27,98.93,1,98.13,1.838,released
LOT-00957,DET1,L6,C,2024-12-14,64,769,1105,4.43,98.67,0,99.05,1.455,released
LOT-00958,MEX2,L5,A,2025-05-08,214,392,790,3.76,99.15,0,98.28,0.720,released
LOT-00959,DET1,L3,A,2025-04-05,113,629,1201,4.55,98.63,1,99.11,0.835,released
LOT-00960,BRN3,L6,C,2024-05-06,208,729,812,3.43,99.04,0,99.40,0.242,released
LOT-00961,MEX2,L6,C,2024-09-11,91,829,1153,4.17,98.73,2,99.49,0.185,released
LOT-00962,BRN3,L6,B,2026-06-09,109,1071,1254,3.97,99.00,1,99.78,1.554,released
LOT-00963,ONT1,L6,B,2025-01-16,57,655,1454,2.75,99.07,3,98.15,1.352,released
LOT-00964,KOB1,L5,A,2026-01-13,106,655,755,3.02,99.04,2,96.72,1.246,released
LOT-00965,DET1,L2,B,2026-01-05,219,510,1410,3.41,99.22,2,99.72,0.299,released
LOT-00966,ONT1,L4,A,2024-02-18,238,810,1957,4.73,98.91,3,99.26,0.891,released
LOT-00967,BRN3,L1,C,2025-08-28,158,826,1237,3.51,98.64,3,96.50,1.111,released
LOT-00968,KOB1,L7,A,2024-12-26,96,707,1065,4.46,98.79,1,99.98,0.299,released
LOT-00969,KOB1,L5,A,2025-08-01,190,703,422,3.04,98.84,3,98.92,1.587,released
LOT-00970,BRN3,L5,B,2025-09-23,142,1091,1775,3.89,98.53,1,98.13,1.721,released
LOT-00971,DET1,L4,C,2026-03-17,110,849,1114,3.14,99.00,0,98.03,0.779,released
LOT-00972,KOB1,L1,B,2024-01-06,122,1356,1523,3.58,98.65,3,96.79,1.016,released
LOT-00973,ONT1,L4,B,2024-04-10,107,917,1900,3.54,99.08,0,99.15,1.840,released
LOT-00974,DET1,L6,A,2024-12-31,205,1051,781,3.99,98.73,0,98.85,0.531,released
LOT-00975,DET1,L1,C,2025-10-17,146,405,1392,4.65,98.95,2,97.13,1.767,released
LOT-00976,SAX4,L2,C,2025-06-08,117,1199,1977,3.19,98.69,2,97.38,1.009,released
LOT-00977,SAX4,L5,B,2025-12-23,153,952,1097,4.47,99.19,2,97.15,0.876,released
LOT-00978,MEX2,L1,C,2024-01-02,140,1012,2062,3.67,98.73,1,97.93,0.840,released
LOT-00979,BRN3,L5,A,2026-01-05,115,1165,0,2.91,99.36,3,98.56,0.253,released
LOT-00980,DET1,L1,C,2025-11-04,55,842,1113,3.05,99.10,2,99.12,0.814,released
LOT-00981,KOB1,L4,B,2024-07-24,204,826,777,2.91,98.97,3,97.64,0.929,released
LOT-00982,DET1,L7,A,2026-05-18,52,789,1569,3.64,99.17,0,97.43,0.514,released
LOT-00983,MEX2,L4,A,2025-09-03,198,42,682,4.28,99.12,3,98.40,0.889,released
LOT-00984,ONT1,L3,B,2024-04-04,98,632,1961,3.74,98.91,0,97.05,0.944,released
LOT-00985,BRN3,L4,A,2025-10-11,124,1377,846,3.04,98.82,0,96.56,0.497,released
LOT-00986,MEX2,L7,C,2025-01-24,239,744,1509,4.57,99.12,2,97.58,1.668,released
LOT-00987,ONT1,L3,B,2025-09-15,217,838,891,3.25,98.95,1,97.49,0.457,released
LOT-00988,MEX2,L2,B,2025-06-28,168,888,1249,4.26,98.63,1,97.71,1.731,released
LOT-00989,BRN3,L7,C,2025-10-19,126,710,473,4.26,98.84,1,96.97,0.555,released
LOT-00990,MEX2,L3,B,2024-05-04,59,857,1673,3.22,99.03,2,97.50,0.599,released
LOT-00991,BRN3,L2,B,2025-01-06,112,722,977,2.81,98.77,0,97.82,0.443,released
LOT-00992,KOB1,L5,C,2024-10-05,234,470,1249,3.32,98.63,2,97.47,0.904,released
LOT-00993,DET1,L4,B,2025-11-12,208,409,1442,3.29,98.57,1,96.55,1.651,released
LOT-00994,SAX4,L4,A,2025-02-19,98,593,1526,4.58,98.69,1,97.26,1.144,released
LOT-00995,MEX2,L3,A,2025-09-29,189,1054,631,4.06,98.99,2,99.80,1.203,released
LOT-00996,SAX4,L7,C,2024-07-06,66,628,1986,3.12,99.07,2,98.64,1.358,released
LOT-00997,BRN3,L2,C,2024-11-27,77,504,1574,2.84,98.88,3,99.07,0.576,released
LOT-00998,MEX2,L1,B,2025-10-29,158,536,926,4.38,98.67,2,97.89,0.311,released
LOT-00999,BRN3,L1,A,2025-09-15,105,819,2545,3.13,98.84,3,98.16,0.872,released
LOT-01000,DET1,L4,A,2025-08-24,143,682,1452,2.79,98.82,2,99.86,1.404,released
